﻿USE [LRADMNS]
GO
ALTER TABLE [dbo].[UserSpeakerGroup] DROP CONSTRAINT [FK_UserSpeakerGroup_SpeakerGroup1]
GO
ALTER TABLE [dbo].[UserSpeakerGroup] DROP CONSTRAINT [FK_UserSpeakerGroup_AspNetUsers]
GO
ALTER TABLE [dbo].[UserSpeakerGroup] DROP CONSTRAINT [FK_UserSpeakerGroup_Area]
GO
ALTER TABLE [dbo].[SpeakerGroup] DROP CONSTRAINT [FK_SpeakerGroup_Area]
GO
ALTER TABLE [dbo].[Speaker] DROP CONSTRAINT [FK_Speaker_SpeakerGroup]
GO
ALTER TABLE [dbo].[SoundSpeakerGroup] DROP CONSTRAINT [FK_SoundSpeakerGroup_SpeakerGroup]
GO
ALTER TABLE [dbo].[SoundSpeakerGroup] DROP CONSTRAINT [FK_SoundSpeakerGroup_Speaker1]
GO
ALTER TABLE [dbo].[SoundSpeakerGroup] DROP CONSTRAINT [FK_SoundSpeakerGroup_Sound1]
GO
ALTER TABLE [dbo].[AspNetUsers] DROP CONSTRAINT [FK_dbo.AspNetUsers_dbo.UserInfoes_UserInfo_Uid]
GO
ALTER TABLE [dbo].[AspNetUserRoles] DROP CONSTRAINT [FK_dbo.AspNetUserRoles_dbo.AspNetUsers_UserId]
GO
ALTER TABLE [dbo].[AspNetUserRoles] DROP CONSTRAINT [FK_dbo.AspNetUserRoles_dbo.AspNetRoles_RoleId]
GO
ALTER TABLE [dbo].[AspNetUserLogins] DROP CONSTRAINT [FK_dbo.AspNetUserLogins_dbo.AspNetUsers_UserId]
GO
ALTER TABLE [dbo].[AspNetUserClaims] DROP CONSTRAINT [FK_dbo.AspNetUserClaims_dbo.AspNetUsers_UserId]
GO
ALTER TABLE [dbo].[AreaImage] DROP CONSTRAINT [FK_AreaImage_Area]
GO
/****** Object:  Table [dbo].[UserSpeakerGroup]    Script Date: 10/16/2015 1:23:15 PM ******/
DROP TABLE [dbo].[UserSpeakerGroup]
GO
/****** Object:  Table [dbo].[UserInfoes]    Script Date: 10/16/2015 1:23:15 PM ******/
DROP TABLE [dbo].[UserInfoes]
GO
/****** Object:  Table [dbo].[SpeakerState]    Script Date: 10/16/2015 1:23:15 PM ******/
DROP TABLE [dbo].[SpeakerState]
GO
/****** Object:  Table [dbo].[SpeakerGroup]    Script Date: 10/16/2015 1:23:15 PM ******/
DROP TABLE [dbo].[SpeakerGroup]
GO
/****** Object:  Table [dbo].[Speaker]    Script Date: 10/16/2015 1:23:15 PM ******/
DROP TABLE [dbo].[Speaker]
GO
/****** Object:  Table [dbo].[SoundSpeakerGroup]    Script Date: 10/16/2015 1:23:15 PM ******/
DROP TABLE [dbo].[SoundSpeakerGroup]
GO
/****** Object:  Table [dbo].[Sound]    Script Date: 10/16/2015 1:23:15 PM ******/
DROP TABLE [dbo].[Sound]
GO
/****** Object:  Table [dbo].[AspNetUsers]    Script Date: 10/16/2015 1:23:15 PM ******/
DROP TABLE [dbo].[AspNetUsers]
GO
/****** Object:  Table [dbo].[AspNetUserRoles]    Script Date: 10/16/2015 1:23:15 PM ******/
DROP TABLE [dbo].[AspNetUserRoles]
GO
/****** Object:  Table [dbo].[AspNetUserLogins]    Script Date: 10/16/2015 1:23:15 PM ******/
DROP TABLE [dbo].[AspNetUserLogins]
GO
/****** Object:  Table [dbo].[AspNetUserClaims]    Script Date: 10/16/2015 1:23:15 PM ******/
DROP TABLE [dbo].[AspNetUserClaims]
GO
/****** Object:  Table [dbo].[AspNetRoles]    Script Date: 10/16/2015 1:23:15 PM ******/
DROP TABLE [dbo].[AspNetRoles]
GO
/****** Object:  Table [dbo].[AreaImage]    Script Date: 10/16/2015 1:23:15 PM ******/
DROP TABLE [dbo].[AreaImage]
GO
/****** Object:  Table [dbo].[Area]    Script Date: 10/16/2015 1:23:15 PM ******/
DROP TABLE [dbo].[Area]
GO
/****** Object:  Table [dbo].[__MigrationHistory]    Script Date: 10/16/2015 1:23:15 PM ******/
DROP TABLE [dbo].[__MigrationHistory]
GO
USE [master]
GO
/****** Object:  Database [LRADPorAXQlJ4FQZ]    Script Date: 10/16/2015 1:23:15 PM ******/
DROP DATABASE [LRADPorAXQlJ4FQZ]
GO
/****** Object:  Database [LRADPorAXQlJ4FQZ]    Script Date: 10/16/2015 1:23:15 PM ******/
CREATE DATABASE [LRADPorAXQlJ4FQZ]
GO
ALTER DATABASE [LRADPorAXQlJ4FQZ] SET COMPATIBILITY_LEVEL = 100
GO
IF (1 = FULLTEXTSERVICEPROPERTY('IsFullTextInstalled'))
begin
EXEC [LRADPorAXQlJ4FQZ].[dbo].[sp_fulltext_database] @action = 'disable'
end
GO
ALTER DATABASE [LRADPorAXQlJ4FQZ] SET ANSI_NULL_DEFAULT OFF 
GO
ALTER DATABASE [LRADPorAXQlJ4FQZ] SET ANSI_NULLS OFF 
GO
ALTER DATABASE [LRADPorAXQlJ4FQZ] SET ANSI_PADDING OFF 
GO
ALTER DATABASE [LRADPorAXQlJ4FQZ] SET ANSI_WARNINGS OFF 
GO
ALTER DATABASE [LRADPorAXQlJ4FQZ] SET ARITHABORT OFF 
GO
ALTER DATABASE [LRADPorAXQlJ4FQZ] SET AUTO_CLOSE OFF 
GO
ALTER DATABASE [LRADPorAXQlJ4FQZ] SET AUTO_CREATE_STATISTICS ON 
GO
ALTER DATABASE [LRADPorAXQlJ4FQZ] SET AUTO_SHRINK OFF 
GO
ALTER DATABASE [LRADPorAXQlJ4FQZ] SET AUTO_UPDATE_STATISTICS ON 
GO
ALTER DATABASE [LRADPorAXQlJ4FQZ] SET CURSOR_CLOSE_ON_COMMIT OFF 
GO
ALTER DATABASE [LRADPorAXQlJ4FQZ] SET CURSOR_DEFAULT  GLOBAL 
GO
ALTER DATABASE [LRADPorAXQlJ4FQZ] SET CONCAT_NULL_YIELDS_NULL OFF 
GO
ALTER DATABASE [LRADPorAXQlJ4FQZ] SET NUMERIC_ROUNDABORT OFF 
GO
ALTER DATABASE [LRADPorAXQlJ4FQZ] SET QUOTED_IDENTIFIER OFF 
GO
ALTER DATABASE [LRADPorAXQlJ4FQZ] SET RECURSIVE_TRIGGERS OFF 
GO
ALTER DATABASE [LRADPorAXQlJ4FQZ] SET  DISABLE_BROKER 
GO
ALTER DATABASE [LRADPorAXQlJ4FQZ] SET AUTO_UPDATE_STATISTICS_ASYNC OFF 
GO
ALTER DATABASE [LRADPorAXQlJ4FQZ] SET DATE_CORRELATION_OPTIMIZATION OFF 
GO
ALTER DATABASE [LRADPorAXQlJ4FQZ] SET TRUSTWORTHY OFF 
GO
ALTER DATABASE [LRADPorAXQlJ4FQZ] SET ALLOW_SNAPSHOT_ISOLATION ON 
GO
ALTER DATABASE [LRADPorAXQlJ4FQZ] SET PARAMETERIZATION SIMPLE 
GO
ALTER DATABASE [LRADPorAXQlJ4FQZ] SET READ_COMMITTED_SNAPSHOT ON 
GO
ALTER DATABASE [LRADPorAXQlJ4FQZ] SET HONOR_BROKER_PRIORITY OFF 
GO
ALTER DATABASE [LRADPorAXQlJ4FQZ] SET RECOVERY FULL 
GO
ALTER DATABASE [LRADPorAXQlJ4FQZ] SET  MULTI_USER 
GO
ALTER DATABASE [LRADPorAXQlJ4FQZ] SET PAGE_VERIFY CHECKSUM  
GO
ALTER DATABASE [LRADPorAXQlJ4FQZ] SET DB_CHAINING OFF 
GO
USE [LRADPorAXQlJ4FQZ]
GO
/****** Object:  Table [dbo].[__MigrationHistory]    Script Date: 10/16/2015 1:23:15 PM ******/
SET ANSI_NULLS ON
GO
SET QUOTED_IDENTIFIER ON
GO
SET ANSI_PADDING ON
GO
CREATE TABLE [dbo].[__MigrationHistory](
	[MigrationId] [nvarchar](150) NOT NULL,
	[ContextKey] [nvarchar](300) NOT NULL,
	[Model] [varbinary](max) NOT NULL,
	[ProductVersion] [nvarchar](32) NOT NULL,
 CONSTRAINT [PK_dbo.__MigrationHistory] PRIMARY KEY CLUSTERED 
(
	[MigrationId] ASC,
	[ContextKey] ASC
)WITH (PAD_INDEX = OFF, STATISTICS_NORECOMPUTE = OFF, IGNORE_DUP_KEY = OFF, ALLOW_ROW_LOCKS = ON, ALLOW_PAGE_LOCKS = ON)
)

GO
SET ANSI_PADDING OFF
GO
/****** Object:  Table [dbo].[Area]    Script Date: 10/16/2015 1:23:15 PM ******/
SET ANSI_NULLS ON
GO
SET QUOTED_IDENTIFIER ON
GO
CREATE TABLE [dbo].[Area](
	[Uid] [uniqueidentifier] NOT NULL CONSTRAINT [DF__Area__Uid__0CBAE877]  DEFAULT (newid()),
	[UpperLeftLatitude] [float] NULL,
	[UpperLeftLongitude] [float] NULL,
	[LowerRightLatitude] [float] NULL,
	[LowerRightLongitude] [float] NULL,
	[TimeCreated] [datetime] NOT NULL CONSTRAINT [DF__Area__TimeCreate__0DAF0CB0]  DEFAULT (getdate()),
	[UserCreated] [nvarchar](128) NULL,
	[TimeModified] [datetime] NOT NULL CONSTRAINT [DF__Area__TimeModifi__0EA330E9]  DEFAULT (getdate()),
	[UserModified] [nvarchar](128) NULL,
	[Name] [nvarchar](150) NULL,
	[CenterLatitude] [float] NULL,
	[CenterLongitude] [float] NULL,
	[Zoom] [int] NULL,
 CONSTRAINT [PK_Area] PRIMARY KEY CLUSTERED 
(
	[Uid] ASC
)WITH (PAD_INDEX = OFF, STATISTICS_NORECOMPUTE = OFF, IGNORE_DUP_KEY = OFF, ALLOW_ROW_LOCKS = ON, ALLOW_PAGE_LOCKS = ON)
)

GO
/****** Object:  Table [dbo].[AreaImage]    Script Date: 10/16/2015 1:23:15 PM ******/
SET ANSI_NULLS ON
GO
SET QUOTED_IDENTIFIER ON
GO
CREATE TABLE [dbo].[AreaImage](
	[Id] [int] NOT NULL,
	[AreaUid] [uniqueidentifier] NOT NULL,
	[ImageFilename] [nvarchar](256) NOT NULL,
 CONSTRAINT [PK_AreaImage] PRIMARY KEY CLUSTERED 
(
	[Id] ASC
)WITH (PAD_INDEX = OFF, STATISTICS_NORECOMPUTE = OFF, IGNORE_DUP_KEY = OFF, ALLOW_ROW_LOCKS = ON, ALLOW_PAGE_LOCKS = ON)
)

GO
/****** Object:  Table [dbo].[AspNetRoles]    Script Date: 10/16/2015 1:23:15 PM ******/
SET ANSI_NULLS ON
GO
SET QUOTED_IDENTIFIER ON
GO
CREATE TABLE [dbo].[AspNetRoles](
	[Id] [nvarchar](128) NOT NULL,
	[Name] [nvarchar](256) NOT NULL,
 CONSTRAINT [PK_dbo.AspNetRoles] PRIMARY KEY CLUSTERED 
(
	[Id] ASC
)WITH (PAD_INDEX = OFF, STATISTICS_NORECOMPUTE = OFF, IGNORE_DUP_KEY = OFF, ALLOW_ROW_LOCKS = ON, ALLOW_PAGE_LOCKS = ON)
)

GO
/****** Object:  Table [dbo].[AspNetUserClaims]    Script Date: 10/16/2015 1:23:16 PM ******/
SET ANSI_NULLS ON
GO
SET QUOTED_IDENTIFIER ON
GO
CREATE TABLE [dbo].[AspNetUserClaims](
	[Id] [int] IDENTITY(1,1) NOT NULL,
	[UserId] [nvarchar](128) NOT NULL,
	[ClaimType] [nvarchar](max) NULL,
	[ClaimValue] [nvarchar](max) NULL,
 CONSTRAINT [PK_dbo.AspNetUserClaims] PRIMARY KEY CLUSTERED 
(
	[Id] ASC
)WITH (PAD_INDEX = OFF, STATISTICS_NORECOMPUTE = OFF, IGNORE_DUP_KEY = OFF, ALLOW_ROW_LOCKS = ON, ALLOW_PAGE_LOCKS = ON)
)

GO
/****** Object:  Table [dbo].[AspNetUserLogins]    Script Date: 10/16/2015 1:23:16 PM ******/
SET ANSI_NULLS ON
GO
SET QUOTED_IDENTIFIER ON
GO
CREATE TABLE [dbo].[AspNetUserLogins](
	[LoginProvider] [nvarchar](128) NOT NULL,
	[ProviderKey] [nvarchar](128) NOT NULL,
	[UserId] [nvarchar](128) NOT NULL,
 CONSTRAINT [PK_dbo.AspNetUserLogins] PRIMARY KEY CLUSTERED 
(
	[LoginProvider] ASC,
	[ProviderKey] ASC,
	[UserId] ASC
)WITH (PAD_INDEX = OFF, STATISTICS_NORECOMPUTE = OFF, IGNORE_DUP_KEY = OFF, ALLOW_ROW_LOCKS = ON, ALLOW_PAGE_LOCKS = ON)
)

GO
/****** Object:  Table [dbo].[AspNetUserRoles]    Script Date: 10/16/2015 1:23:16 PM ******/
SET ANSI_NULLS ON
GO
SET QUOTED_IDENTIFIER ON
GO
CREATE TABLE [dbo].[AspNetUserRoles](
	[UserId] [nvarchar](128) NOT NULL,
	[RoleId] [nvarchar](128) NOT NULL,
 CONSTRAINT [PK_dbo.AspNetUserRoles] PRIMARY KEY CLUSTERED 
(
	[UserId] ASC,
	[RoleId] ASC
)WITH (PAD_INDEX = OFF, STATISTICS_NORECOMPUTE = OFF, IGNORE_DUP_KEY = OFF, ALLOW_ROW_LOCKS = ON, ALLOW_PAGE_LOCKS = ON)
)

GO
/****** Object:  Table [dbo].[AspNetUsers]    Script Date: 10/16/2015 1:23:16 PM ******/
SET ANSI_NULLS ON
GO
SET QUOTED_IDENTIFIER ON
GO
CREATE TABLE [dbo].[AspNetUsers](
	[Id] [nvarchar](128) NOT NULL,
	[Email] [nvarchar](256) NULL,
	[EmailConfirmed] [bit] NOT NULL,
	[PasswordHash] [nvarchar](max) NULL,
	[SecurityStamp] [nvarchar](max) NULL,
	[PhoneNumber] [nvarchar](max) NULL,
	[PhoneNumberConfirmed] [bit] NOT NULL,
	[TwoFactorEnabled] [bit] NOT NULL,
	[LockoutEndDateUtc] [datetime] NULL,
	[LockoutEnabled] [bit] NOT NULL,
	[AccessFailedCount] [int] NOT NULL,
	[UserName] [nvarchar](256) NOT NULL,
	[UserInfo_Uid] [uniqueidentifier] NOT NULL,
 CONSTRAINT [PK_dbo.AspNetUsers] PRIMARY KEY CLUSTERED 
(
	[Id] ASC
)WITH (PAD_INDEX = OFF, STATISTICS_NORECOMPUTE = OFF, IGNORE_DUP_KEY = OFF, ALLOW_ROW_LOCKS = ON, ALLOW_PAGE_LOCKS = ON)
)

GO
/****** Object:  Table [dbo].[Sound]    Script Date: 10/16/2015 1:23:16 PM ******/
SET ANSI_NULLS ON
GO
SET QUOTED_IDENTIFIER ON
GO
CREATE TABLE [dbo].[Sound](
	[Uid] [uniqueidentifier] NOT NULL CONSTRAINT [DF__Sound__Uid__108B795B]  DEFAULT (newid()),
	[Name] [nchar](50) NOT NULL,
	[Type] [smallint] NULL,
	[Description] [nchar](256) NOT NULL,
	[Filename] [nchar](256) NULL,
	[Text] [ntext] NULL,
	[TimeCreated] [datetime] NOT NULL CONSTRAINT [DF__Sound__TimeCreat__117F9D94]  DEFAULT (getdate()),
	[UserCreated] [nvarchar](128) NULL,
	[TimeModified] [datetime] NOT NULL CONSTRAINT [DF__Sound__TimeModif__1273C1CD]  DEFAULT (getdate()),
	[UserModified] [nvarchar](128) NULL,
 CONSTRAINT [PK_Sound] PRIMARY KEY CLUSTERED 
(
	[Uid] ASC
)WITH (PAD_INDEX = OFF, STATISTICS_NORECOMPUTE = OFF, IGNORE_DUP_KEY = OFF, ALLOW_ROW_LOCKS = ON, ALLOW_PAGE_LOCKS = ON)
)

GO
/****** Object:  Table [dbo].[SoundSpeakerGroup]    Script Date: 10/16/2015 1:23:16 PM ******/
SET ANSI_NULLS ON
GO
SET QUOTED_IDENTIFIER ON
GO
CREATE TABLE [dbo].[SoundSpeakerGroup](
	[Uid] [uniqueidentifier] NOT NULL CONSTRAINT [DF__SoundSpeake__Uid__1367E606]  DEFAULT (newid()),
	[SoundUid] [uniqueidentifier] NOT NULL,
	[SpeakerUid] [uniqueidentifier] NULL,
	[SpeakerGroupUid] [uniqueidentifier] NOT NULL,
 CONSTRAINT [PK_SoundSpeakerGroup] PRIMARY KEY CLUSTERED 
(
	[Uid] ASC
)WITH (PAD_INDEX = OFF, STATISTICS_NORECOMPUTE = OFF, IGNORE_DUP_KEY = OFF, ALLOW_ROW_LOCKS = ON, ALLOW_PAGE_LOCKS = ON)
)

GO
/****** Object:  Table [dbo].[Speaker]    Script Date: 10/16/2015 1:23:16 PM ******/
SET ANSI_NULLS ON
GO
SET QUOTED_IDENTIFIER ON
GO
CREATE TABLE [dbo].[Speaker](
	[Uid] [uniqueidentifier] NOT NULL CONSTRAINT [DF__Speaker__Uid__145C0A3F]  DEFAULT (newid()),
	[SpeakerGroupUid] [uniqueidentifier] NOT NULL,
	[IPAddress] [nchar](50) NULL,
	[SatelliteID] [nchar](50) NULL,
	[Type] [nchar](50) NULL,
	[GeneralVolume] [float] NULL,
	[EmergencyVolume] [float] NULL,
	[Latitude] [float] NULL,
	[Longitude] [float] NULL,
	[TimeCreated] [datetime] NOT NULL CONSTRAINT [DF__Speaker__TimeCre__15502E78]  DEFAULT (getdate()),
	[UserCreated] [nvarchar](128) NULL,
	[TimeModified] [datetime] NOT NULL CONSTRAINT [DF__Speaker__TimeMod__164452B1]  DEFAULT (getdate()),
	[UserModified] [nvarchar](128) NULL,
	[Name] [nvarchar](150) NULL,
 CONSTRAINT [PK_Speaker] PRIMARY KEY CLUSTERED 
(
	[Uid] ASC
)WITH (PAD_INDEX = OFF, STATISTICS_NORECOMPUTE = OFF, IGNORE_DUP_KEY = OFF, ALLOW_ROW_LOCKS = ON, ALLOW_PAGE_LOCKS = ON)
)

GO
/****** Object:  Table [dbo].[SpeakerGroup]    Script Date: 10/16/2015 1:23:16 PM ******/
SET ANSI_NULLS ON
GO
SET QUOTED_IDENTIFIER ON
GO
CREATE TABLE [dbo].[SpeakerGroup](
	[Uid] [uniqueidentifier] NOT NULL CONSTRAINT [DF__SpeakerGrou__Uid__173876EA]  DEFAULT (newid()),
	[AreaUid] [uniqueidentifier] NOT NULL,
	[MultiCastGroup] [nchar](50) NULL,
	[Color] [int] NULL,
	[TimeCreated] [datetime] NOT NULL CONSTRAINT [DF__SpeakerGr__TimeC__182C9B23]  DEFAULT (getdate()),
	[UserCreated] [nvarchar](128) NULL,
	[TimeModified] [datetime] NOT NULL CONSTRAINT [DF__SpeakerGr__TimeM__1920BF5C]  DEFAULT (getdate()),
	[UserModified] [nvarchar](128) NULL,
	[LabelLatitude] [float] NULL,
	[LabelLongitude] [float] NULL,
	[Name] [nvarchar](150) NULL,
 CONSTRAINT [PK_SpeakerGroup] PRIMARY KEY CLUSTERED 
(
	[Uid] ASC
)WITH (PAD_INDEX = OFF, STATISTICS_NORECOMPUTE = OFF, IGNORE_DUP_KEY = OFF, ALLOW_ROW_LOCKS = ON, ALLOW_PAGE_LOCKS = ON)
)

GO
/****** Object:  Table [dbo].[SpeakerState]    Script Date: 10/16/2015 1:23:16 PM ******/
SET ANSI_NULLS ON
GO
SET QUOTED_IDENTIFIER ON
GO
CREATE TABLE [dbo].[SpeakerState](
	[Uid] [uniqueidentifier] NOT NULL DEFAULT (newid()),
	[SpeakerUid] [uniqueidentifier] NOT NULL,
	[Timestamp] [datetime] NOT NULL,
	[AmpTemp] [float] NULL,
	[BatteryLevel] [float] NULL,
	[Door] [smallint] NULL,
	[Connection] [smallint] NULL,
	[Activity] [smallint] NULL,
	[Status] [smallint] NULL,
	[SatelliteStatus] [smallint] NULL,
 CONSTRAINT [PK_SpeakerState] PRIMARY KEY CLUSTERED 
(
	[Uid] ASC
)WITH (PAD_INDEX = OFF, STATISTICS_NORECOMPUTE = OFF, IGNORE_DUP_KEY = OFF, ALLOW_ROW_LOCKS = ON, ALLOW_PAGE_LOCKS = ON)
)

GO
/****** Object:  Table [dbo].[UserInfoes]    Script Date: 10/16/2015 1:23:16 PM ******/
SET ANSI_NULLS ON
GO
SET QUOTED_IDENTIFIER ON
GO
CREATE TABLE [dbo].[UserInfoes](
	[Uid] [uniqueidentifier] NOT NULL,
	[FirstName] [nvarchar](50) NOT NULL,
	[LastName] [nvarchar](50) NOT NULL,
	[AcessLevel] [tinyint] NOT NULL,
	[Status] [tinyint] NOT NULL,
	[TimeCreated] [datetime] NULL,
	[UserCreated] [nvarchar](128) NULL,
	[TimeModified] [datetime] NULL,
	[UserModified] [nvarchar](128) NULL,
 CONSTRAINT [PK_dbo.UserInfoes] PRIMARY KEY CLUSTERED 
(
	[Uid] ASC
)WITH (PAD_INDEX = OFF, STATISTICS_NORECOMPUTE = OFF, IGNORE_DUP_KEY = OFF, ALLOW_ROW_LOCKS = ON, ALLOW_PAGE_LOCKS = ON)
)

GO
/****** Object:  Table [dbo].[UserSpeakerGroup]    Script Date: 10/16/2015 1:23:16 PM ******/
SET ANSI_NULLS ON
GO
SET QUOTED_IDENTIFIER ON
GO
CREATE TABLE [dbo].[UserSpeakerGroup](
	[Uid] [uniqueidentifier] NOT NULL CONSTRAINT [DF__UserSpeaker__Uid__1CF15040]  DEFAULT (newid()),
	[UserUid] [nvarchar](128) NOT NULL,
	[AreaUid] [uniqueidentifier] NOT NULL,
	[SpeakerGroupUid] [uniqueidentifier] NOT NULL,
 CONSTRAINT [PK_UserSpeakerGroup] PRIMARY KEY CLUSTERED 
(
	[Uid] ASC
)WITH (PAD_INDEX = OFF, STATISTICS_NORECOMPUTE = OFF, IGNORE_DUP_KEY = OFF, ALLOW_ROW_LOCKS = ON, ALLOW_PAGE_LOCKS = ON)
)

GO
INSERT [dbo].[__MigrationHistory] ([MigrationId], [ContextKey], [Model], [ProductVersion]) VALUES (N'201506092241397_AutomaticMigration', N'LRADPortal.Models.ApplicationDbContext', 0x1F8B0800000000000400DD5CDB6EDC36107D2FD07F10F4D416CECA9726488DDD04EEDA6E8DFA86AC13F42DE04ADCB510895225CAB151F4CBFAD04FEA2F742851375E74D99577D74580C022876786C321391C0EF7DFBFFF19BF7FF43DE30147B11B90897930DA370D4CECC071C972622674F1EAADF9FEDDB7DF8CCF1CFFD1F894D31D313A6849E289794F69786C59B17D8F7D148F7CD78E823858D0911DF8167202EB707FFF27EBE0C0C200610296618C3F2484BA3E4E3FE0731A101B873441DE55E0602FE6E550334B518D6BE4E33844369E98971F4E4E6F8388226F94119BC689E722106486BD85692042028A288879FC31C6331A0564390BA10079774F2106BA05F262CCC53F2EC9BBF664FF90F5C42A1BE6507612D3C0EF097870C4556389CD5752B059A80E9477064AA64FACD7A90227E68583D3A20F81070A10191E4FBD88114FCCAB82C5491C5E633ACA1B8E32C8F308E0BE06D197511571CFE8DC6EAF30A5C3D13EFBB7674C138F26119E109CD008797BC66D32F75CFB37FC74177CC1647274305F1CBD7DFD0639476F7EC447AFAB3D85BE025DAD008A6EA320C411C8861745FF4DC3AAB7B3C48645B34A9B4C2B604B302B4CE30A3D5E62B2A4F7305F0EDF9AC6B9FB889DBC841BD747E2C2248246344AE0F33AF13C34F770516F35F264FF37703D7CFD6610AED7E8C15DA6432FF0878913C1BCFA80BDB436BE77C36C7AD5C6FB33273B8F029F7DD7ED2BABFD3C0B92C8669D09B42477285A625A976E6C95C6DBC9A419D4F0669DA3EEBE69334965F35692B20EAD321372169B9E0DB9BCCFCBB7B3C59D84210C5E6A5A4C234D0627ED5523A1F19E5192948673D0D5700874E8FFBC0E9EF9C8F50658083B70011764E1463E2E7AF973006687486F996F511CC33AE0FC8AE2FB06D1E1CF01449F613B89C03C6714F9E1B373BBBD0F08BE4EFC39B3FACDF11A6C68EEBE06E7C8A641744658ABB5F12E03FB4B90D033E29C228A3F523B07649F77AEDF1D6010714E6C1BC7F139183376A60178D839E005A14787BDE1D8FAB46D4764EA21D7577B22C24AFA39272DBD113585E49168C8545E4993A897C1D225DD44CD49F5A26614ADA272B2BEA232B06E92724ABDA02941AB9C19D5607E5E3A42C33B7A29ECEE7B7AEB6DDEBAB5A0A2C619AC90F8174C7004CB98738B28C5112947A0CBBAB10D67211D3EC6F4D9F7A694D327E42543B35A6936A48BC0F0B32185DDFDD9908A09C50FAEC3BC920EC79F9C18E03BD1AB4F56ED734E906CD3D3A1D6CD4D33DFCC1AA09B2E27711CD86E3A0B14812F1EB6A8CB0F3E9CD11EC3C87A23C641A06360E82EDBF2A004FA668A4675434EB18729364EEC2C303845B18D1C598DD021A78760F98EAA10AC8C87D485FB41E209968E23D608B143500C33D525549E162EB1DD1079AD5A125A76DCC258DF0B1E62CD290E31610C5B35D185B93AFCC10428F80883D2A6A1B155B1B86643D478ADBA316F7361CB7197A2121BB1C916DF596397DC7F7B16C36CD6D8068CB359255D04D086F2B661A0FCACD2D500C483CBAE19A87062D2182877A93662A0758D6DC140EB2A7971069A1D51BB8EBF705EDD35F3AC1F9437BFAD37AA6B0BB659D3C78E9966E67B421B0A2D70249BE7E99C55E247AA389C819CFC7C167357573411063EC3B41EB229FD5DA51F6A35838846D404581A5A0B28BF049480A409D543B83C96D7281DF7227AC0E671B74658BEF60BB0151B90B1AB97A11542FD95A9689C9D4E1F45CF0A6B908CBCD361A182A3300871F1AA77BC835274715959315D7CE13EDE70A5637C301A14D4E2B96A94947766702DE5A6D9AE259543D6C7255B4B4B82FBA4D152DE99C1B5C46DB45D490AA7A0875BB0968AEA5BF840932D8F7414BB4D5137B6B214295E30B634B954E32B14862E595672AB788931CB12ABA6AF66FD538EFC0CC3B26345E651216DC18906115A62A1165883A4E76E14D35344D11CB138CFD4F12532E5DEAA59FE7396D5ED531EC47C1FC8A9D9DF3C7A275DDDD7B65AD917E110E7D0419F393469145D31FCEAE6064B75431E8A1481FB69E0253ED1FB57FAD6D9F55DB57D5622238C2D417EC97F92942579B975CD771A17794E0C334685F7B2FA38E92174DACE7DCFAABE75FEA81E250F4F55517421ABAD8D9BCE8DE93356A283D87FA85A119E6756F1AC942A002FEA8951496C90C02A75DD51EBB92755CC7A4D774421C1A40A2954F590B29A465213B25AB1129E46A36A8AEE1CE4C4912ABA5CDB1D59914252855654AF80AD9059ACEB8EAAC832A9022BAABB63972927E21ABAC3FB96F6D8B2EAC6951D6CD7DBB93418CFB3200EB3F155EEEFAB4095E29E58FC865E02E3E53B694CDAD3DDAAC6948533D633260D867EDDA95D7CD7979DC6DB7A3D66ED36BBB6B437DDE6EBF1FA99ECB31A8674B613490AEEC5194F38CB8DF9B9AAFDF18C74D0CA484C2357236CEB4F31C5FE88118C667F7853CFC56C11CF09AE10711738A659068709E7C0B7C2039CDD790C63C5B1E329CEA5BA1731F531DB4032167940917D8F223935628D072325A81475BE200E7E9C987FA6AD8ED30006FB2B2DDE332EE28FC4FD23818ABB28C1C65F72AAE73009F4CD27AC1D7DEED05DAB17BF7FCE9AEE193711CC9863635FD0E52A235C7F04D14B9AACE91AD2ACFC34E2E54EA8DACB0325AA3021567F683077E9208F0C7229BFF3D1E3F77D45533E24580B51F1586028BC4154A87B0CB00A96F62180039F347D08D0AFB3EA8701AB88A67D14E092FE60E29380EECB50DE728B5B8DE248B4892529D5736B4AF55AF995DBDE9BA4CCEBB526BA9C5DDD036E8D0CEA152CE385251F0FB63B2A728B07C3DEA6693F7B42F1AEE41097D91DDB4D1DDE64B670C39DD0FF2A497807D2DA14693ADB4F05DEB4ADE9C2B83B9E4FD92FE177C78C8D276F6D3FAD77D3C6A60BF3EEB8B1F54ADEDD315BDBD6FEB9654BEBBC856E3D1557CE2AD25CC7A862C16DA9B659E01C4EF8F3008C20F328B31792EADCAEA6BCD4168625899EA93EA94C642C4D1C89AF44D1CCB65F5FF986DFD8594ED3CC56938AD9C49BAFFF8DBC394D336F4D82E3369284952986AAC4ED9675AC2903EA252505D77AD29283DEE6B336DEADBFA41CE04194529B3D9A3BE29793F23B884A869C3A3D527CE5EB5ED83B2BBFA808FB77EC2E4B08F6FB8A04DBB55DB3A0B9208B20DFBC05897212214273852972604B3D89A8BB4036856A16634E9F78A7713B76D331C7CE05B949689850E832F6E75E2DE0C59C8026FE691E735DE6F14D98FE5AC9105D00315D169BBF213F27AEE714729F2B62421A08E65DF0882E1B4BCA22BBCBA702E93A201D81B8FA0AA7E80EFBA10760F10D99A107BC8A6C607E977889ECA73202A803691F88BADAC7A72E5A46C88F3946D91E3EC1861DFFF1DD7F7C41BC3958540000, N'6.1.3-40302')
GO
INSERT [dbo].[__MigrationHistory] ([MigrationId], [ContextKey], [Model], [ProductVersion]) VALUES (N'201506190133103_AutomaticMigration', N'LRADPortal.Models.ApplicationDbContext', 0x1F8B0800000000000400DD5D596FE4B8117E0F90FF20E82909BCDD6D3B339818DDBBE869DBBB467C61DAB3C8DB802DB1DBC4E8E89528AF8D20BF2C0FF949F90B2175F39248497D38586060F1F8AA582C92C56255EF7FFFFD9FE94FAFBE67BDC028466130B34F4713DB828113BA28D8CCEC04AF7FF864FFF4E31FFF30BD72FD57EBD7A2DD396D477A06F1CC7EC6787B311EC7CE33F4413CF291138571B8C62327F4C7C00DC76793C9DFC6A7A76348206C826559D32F4980910FD30FF2B90803076E7102BCBBD0855E9C97939A658A6ADD031FC65BE0C0997DFB657EF918461878A3ACB16DCD3D0408234BE8AD6D0B04418801266C5E7C8DE1124761B0596E4901F09EDEB690B45B032F8639FB175573DD914CCEE848C655C702CA49621CFA8680A7E7B968C67CF74E02B64BD111E15D1121E3373AEA548033FBC68569D197D02302E0095E2CBC88369ED977258979BCBD877854741C6590D71181FB3D8CBE8FEA88279676BF935295CE4613FADF89B5483C9C447016C00447C03BB11E9395879CBFC3B7A7F03B0C66E7A7ABF5F9A70F1F817BFEF1AFF0FC437DA464ACA41D53408A1EA3700B23C21B5C97E3B7AD31DB6FCC772CBBD5FA645221BA4456856DDD81D75B186CF033592F679F6CEB1ABD42B728C995EB6B80C822229D709490CFFBC4F3C0CA8365FDB89126FDB781EAD9878F8350BD072F68934E3D479F2C9C88ACAB2FD04B6BE367B4CD961733DFDFF266D751E8D36F56BFB2DA6FCB30891C3A9850D9E409441B8859EEA6E34A79B5549A420DAFD605EAF1AB36E554546F69533AA02E2BA120B1EFD550F0BB5BBADA1A978A2158874D9A261C52A3A2D78955D555AA72AAAB2A01194227F5405D261C9552FF39A17F1B4EDC358A62DCB2977D98EC42656EC18108CF5D378271DC4097FCB913C20E217B0B5FA057D0FEFC86CD6196449393B817C41331EC1611041896DA73493E68715B57BA483A76A56DC852436BD48DAC5E5FED4D62BEDD92659BEE0A14DD6CAFE03A1F68CB782FC6D2950F903780B5A44185DC53D628F22B2DF91C92B30904C63C3F823826C682FB0B889F07D82B5AD634749288A82759DBFE76E7D41E9FC300DE27FE8A6AFDFE680D36354FBF87D7C0C1617415D05EBDF16E43E77B98E0ABC0A55BCA57EC98EE4E25C020ECCC1D7A505C136586EE2224D7F002F026C0E767C670747F3AF46D65E101E4CBAF2BDC4EFAAD685A5D59E42D846B8BA299ECEAD2C4EA6DB841811EAB455335AB598B5656F366A6AC52303D4EF3966A46D306AD7C66AD4CD9ACAC710D4EABC66A668B36ADFC960D07BBBFA64A35FC0536853DFE1B6C3F7B43B57DD5C4B8249B3AFC190630A206E623C018464135033A5BDD21EC9B74FA28D19D1FA729A55F81970C4DAAD36A48F7ADE157430A7BFCAB21659314BF20971A521A6E9DA23181D76A2FF718B5AF398EB37D2F076698FB26BE9F3D40B55CE6711C3A285D0512877EEE8E65F92766A7D5EE9BCD46C3FB77C9C088A2237AEA911232369B57AA87E0127A10436BEE640F1E0B103BC015C54806E41A30569CA812C62A3F2FCBDC5F049A44D361443B017A6F8BC94A45011697050A1CB4055EAB94B89E9A47181D7B4983AFB9845B185082AD92D0212E77EB52064A3ADCA4B449683AAE695CB3222A0C6DD59CB759DDD5BC0B8E94BDE8648BB9AFD0CBDC7EDB8962364B6C0FCAD92C121D06944F148750D0FC7AA5AB00FC5DEBD81494BBE429143437A9F6A2A0ACC40EA0A0AC48DE9D8266B76ADDF9E7AED8C7A69EECDD7EFFC77AA3B80EA09B8C3CDE9D6A966E14DDE9177D2ADA0A2A2A80061989A255AE1F167F321A9DF2D6B7423099514E8489892861240AE772452BE12B96DC5A09FDFCE21AE777007E54147C0931EB7EAB2E0252035D100D0BC2AFAE26C06A05B680569214B0AA2A0D0C19338232180CB0F0ED368E3037D10C600B3F6C236C7EB072B0353D12B1EB1134B586EA381B7EE56B5DEDCA91951A25EC205A37B11A8E44A9F893811DB88650547E7A51303A170D93AB466D60F9643408A8E55AA010523198C1A554A866BB9464D6AE89BDDB4B4A9C6DAA90523198C1A594EB68BB9024169781CDD54B44AC7DB4E7C556EDDAED32921FFD66877F2F4909673C87263D7ED4322A5C6DE5A95ED64DC759EC715E301D2B8294A77760BB45C1A616B49C9758CB2C6279F1C3D23C96D7CF30C64E2C09E92DB92D29E130021BC8D512D284D3340AEB1260B002D4D1B8707DA199D486511C9105C9BA99224E5F715616ADE9DFB9FB580877614C1AD118CE21AEC9007D6A51A7CF38922522EF6ED11872E08148F272B408BDC40FD406BEBA77F6E45DEF9F958808D331C7BF60C00BC212AE59ACE4B5E645DC378699A3D24AEC3E4F6A0895B48BCB4F5DDEAA0B911AA5F08FD651543ED383CD5BC3FE6A325D2A188D695277554E0FE2E7460C366DEA5F0B13ADA3D48AF5B1AAC0CF3A5455AA8F544672D681CA42039C5A602603552BD7472BE233EB4845993E0A13A25987622AF4F198B84D7E9576C06383397906AB1A330EE5886CCD516D047D376DFE366DBE19B422ECE678CD433AEB00799121462D2A5000ABD5E9A3B2819B754CB6C66045B3D199CCC266AB0CB8ACC760324CD62B3AE129242A6F61B0E285A84B66D50BB5062782187FC91C0D6275076C09CF7C9DC989218468B20787506DB60F8AE763557A34FB9FC481329C059B7901FB99B00A8CDD6C88C358C0B548B23A50ADD8102B8F1513C0F2F2A35426A52BACAB3265BEDF7ECAA4C050EF3B4C0816BBED34C68DA93199B82A666B6F8A2B53E399A9ECAE15837500B1DAA1F687191857B55E8646147576F127408BD34B149FE6C5ACC091DED0D217DD02A20793CA67D5CE1B632367C4DE7051FA5A7913D3B0BA32A44E77E4BC7B505420C14BC83729D5B7F416725EC169EEA16BFF7D03C1659735B1AD621D12BBF02DC6D01FD106A3E56FDEC243905A0145833B10A0358C71168C6A9F4D269FB8DF48389EDF2B18C7B1EB493C9CAA1F2D60276E0F71E5C10B889C671089519E3D72FA2B50E19DF82670E1EBCCFE67DAEB227582D3BFD2E213A2E15F03F45B422A9EA2045AFF12136D86C9716EF6D51D6946BABE546FFE91ED56EE89F510911573614D3859769961364FDD889BAC6B0F6ECCB3D7BBCC68CF24F224D55D94EAD61A51F3A46F42B97475D2CCEE9EF9E243E172E9E005EC9F7CF0FAE70152BC310ADE10DDFA7B6579774591247ABBE403A7398D15964EE609E327EC07254B04EFC35637ACCE89E2EFF78063F2B0A5A8DC01D53DED7A85CCB5559672AD5C8F9DD3AA7B214A52A787C21B4484AAD4E82E58CAB4E8AE6B559E26DD8535658A74974DB272AD999A0545CF614C3F85F1545E895427B4AE299503B126CC203B648BD36D1F7B643AF1ADE9A3BD72C90E6DBC0A59A6BD761E3193D400AE47B66807CD78678996831DD7923CCAC1B00FA9DA3B4F9E3C967CC92A60FBB06992FBCC8C6C083FFABF4A883C82141E49D4FCE1D31EF7AD6BAA87C2234FD0314B6E3C3265CB73290E9FC2B86F65533D241EB9B219252A1E99AE1DEAFC3CB0A6691FA147A5680AD77535B3ECC3AD71E2DF507A3B908E34C4F06AB9E68DB4A38B42B6BD260FAE22DC236C71D714721CF8399527F765CBBBBA2C482DFAECF17566BB2BAA55D9A523FBC12079368E8A58B59F2809564DD444D569403CE14AED0582B5480509A1A2568386B00E0452428BE6A199C933B73B1B059AB76926AB48D06BA29D9B218DB4F336CDB415696F87481D95269EC952825B8ED3A69C8FF7942ACA8CA42533B9EDEAD41844F89E324307110AB37A14C170EF27117410911C62E95407C120899FFC91D3989339944087C9ED14A3B3889952FB7FD4107B29469B0A82069D05D0610C94B20D1D6E612D711C154D387FE91DC4C025D6CB3CC2680D1C4CAAE91354FAE372A9179D3E84AEA07B133C24789B603264E8AF3CC6FD4CEDAD26FA69022BCBF3F4614BBFE2218640D844F4E9EE21F89C20CF2DF9BE9678681510D490CBDF57E85C62FACEB2792B91EEC3401328175F697F3E417FEB11B0F821588217D88537A27AB770039CB7CA1FAF02699F0856ECD34B043611F0E31CA3EA4F3E890EBBFEEB8FFF0370A18ABBAA690000, N'6.1.3-40302')
GO
INSERT [dbo].[__MigrationHistory] ([MigrationId], [ContextKey], [Model], [ProductVersion]) VALUES (N'201506190157530_AutomaticMigration', N'LRADPortal.Models.ApplicationDbContext', 0x1F8B0800000000000400DD5D6D6FE3B811FE5EA0FF41F0A7B6C8D94ED25D6C03FB0E5927B90B9A37ACB3877E5BD012ED102B513E89CA2528FACBFAA13FA97FA1A4DEF9269192623B4581C39A2FCF0C8733E4703493FEF7DFFF99FDF412F8CE338C6214E2F9E8783C1D3910BBA187F0663E4AC8FA874FA39F7EFCE31F66975EF0E2FC5A8C3B65E3E84C1CCF474F846CCF2693D87D820188C70172A3300ED764EC86C10478E1E4643AFDDBE4F8780229C4886239CEEC4B82090A60FA83FE5C84D8855B9200FF36F4A01FE7EDB46799A23A772080F116B8703EBAF9727EF1104604F8E36CF0C839F711A08C2CA1BF1E3900E3900042D93CFB1AC3258942BC596E6903F01F5FB7908E5B033F8639FB67D570D3954C4FD84A26D5C402CA4D6212069680C7A7B96826E2F44E021E95A2A3C2BBA44226AF6CD5A900E7A36B0FA64D5F429F0A402478B6F02336783EBA2D499CC7DB3B48C6C5C47106791551B8DFC3E8FBB88E78E418CF3B2A55E9643C65FF3B7216894F9208CE314C4804FC23E72159F9C8FD3B7C7D0CBF433C3F3D5EAD4F3F7DF808BCD38F7F85A71FEA2BA56BA5E3B806DAF410855B1851DEE0BA5CFFC899F0F326E2C4725A6D4E2615AA4BD42A46CE2D78B98178439EA8BD9C7C1A3957E8057A454BAE5C5F31A24644279128A13FEF12DF072B1F96FD93469AECBF0D544F3E7C1C84EA1D78469B74EB05FAD470226A575FA09FF6C64F689B9917B7DFDFF261575118B0DFBC7E65BDDF966112B96C31A176C823883690F0DCCD2695F21AA934831A5EAD0BD4C3576DC6A9ACDECAA16C415D2CA120B16B6B28F87D5BBAC61A978A01AFC3264D932EA97131EBC8A9FA2A55393655154C97D0493D50970D47A5D47F4ED8BF2D37EE0A45316939CB3E4CDF42656EC09E089FBB308E6FE033F40BD29F5F893DCC922A5412F78278A4FED5228280C072132FE80FD6DC3695E96AC7A96C0CD578B446DDC89ACD35B6D5F3ED965A4F6A9C0CDDCE6485C97BB2DCF7E2B35C0600F903382D0654E873618DA2A0D292CF21BD2200B6E6F901C431BDB3BD5F40FCD4C03AFDE700AC2FA19B44543DA96D07DB37A7F6F014627897042BA6F5BBA335D8D63CFE1E5E019784D12566B37AE3DD84EEF7302197D86347CA57E2DA9E4E25C020EC9CBBECA2B8A2CA0CBD45485FC305E03526A727D670EC7CDAF7A361E10314A85F0DC249FAAD185ABD1CD423A4D7836698EA05D1C4EA4DB841D88CD562A89ED56C442BABF9305B56199819A7F9483DA3E980563EB351B66C564EB101A7D5603DB3C598567ECB81833D2353A51AFE1D99C21EFE43B29FBFA13BBE6A625CD2431DFE0C318C9883F900088111AE76C0E4A8DB877F936E1F23FAE6D7694AE957E0274393EA640DE9B935BC35A4B0876F0D299BB4F91979CC913288AE148329BCD17875E0A6DDE604CE766D0EDC32774D7C376780CE5CCEE33874516A058AB87A1E15E5F9A76EA7D31E22CD56238659E9C2A8A22376EBD116BAB691A854F7F802FA9040E7DCCDBE3B2C40EC024F16235D9067C15871A32A18ABC2AD3C737F9168524D87119B04D8BB2DA6968A3091CD0261176D81DF2A2561A6E115C6D65ED2107B2EE0166246B0551226C4D5D155C6404947D8943609CD26358D6B56448DA3ADDBF336AFBBDA772990B2139D6C71F7357A99FB6F6FA298CD12DB8172368BC48401ED97827D2868FEBC325500F1AD75680A2A3CF2340A9ABB543B51505E627B50505E24EF4E41B357B5E9FE0B4FEC43534FFE6DBFFB6BBD515C7BD04D4E1EEF4E35CB308AE9F6CB311563059515C0808C42D1AAD00F8F3F1D8F8F45EF5B2398CC29A7C224549430928573B1629DF085285EAD947EFE708DF33780B82A06BE84840FBF550F01A5832E89860711ADAB09B0B2C016D04A921256D56580A1624652068B0516B1DDC615E62E9A056C11876D84CD2F5601B6A64732763D91A536509FEE225ABED1D3AE5C59A951D20962F412ABE128944ABC19F8851B084517A7970563F2D0B0796AD416966F4683805A9E051A21158B195C4A856AB64B49E5EDDAF8BBBDA424F8A61A29158B195C4AB98EB60B49E17159F85CBD44C4FB473B36B6EAD46E9791FAEAB7BBFC7B494ABAE30534E5F5A39751116A2B6FF5B26F36C95280F386D944932B3CBB05DB2DC29B5AEE70DEE22CB3C4E1C50F4BFB94DA20C398B8B122B3B6E4B6A444C2086CA0D04B49534ED364A80B40C00AB040E3C20BA4614A1F4673451624EB6E8ABC7DC55D598C66FFCEC3C752BA0BE7D2C8CE700E71451718308F3AFD8CA33011F57487A572031F448A2F478BD04F02AC77F0F5B3B34FDEF5F9598B8C309B08FC4B0EBC242CE999C54BDE685FE47363983D2ABDC4EEFBA487D049BB78FCD4E5AD7B10E9518AF8681D451733DDDBBE359CAF36DBA58331D826FD54EDF620716FE49CCFA6F9B56CCD3A4AADD91CABCABFAC4355ADE648F584CA3A56BDDD1CADC8ABAC23156DE6285C6A651D8AEB30C7E3F22D45EBEA80C727618A0C563D761CAA11F99E8332E0BE87ADF80AB637E25684B7B916F354CC3A40DE648951CBE693C06A7DE6A87CC2651D93EFB1B0683EAB92336CBECB82CB7AEE24C764BDA3139E46A2EA1116162F654B72562FF55A9CE472DE2477A4CBDD1DB0153C8B7D363786945AC95F1C52B7DD3928DF6B55EBC19C7F8AC0C7709E6716BDEBE77A6A30DEE6401CC673AD6580D5816ACD9658798E970496B71FA4326943585D95298BD9F653260D86FEDCE152A7F863A731DF4B8FC9E54371477B533E981ECF4E65DF5A31F8C00DAF1DFA38968573559B65E944B120957803B404AB64F1193EA80A1CE5CB2AFD125B40F46052FB39B4F3C1D8C819F5373C947E65BC8E593A5C990A67BA7231AC272B9014DD138794EA5B46F98468DE2C8FACB5FF790029D4960D1939851D52BFF035263018B301E3E56FFEC247907901C5805B80D11AC6244B221D9D4CA79F843F317038E5FE9338F67C45645257F3CF6FDC0EF2C1F13388DC2710C9D9993D4AE22B50E9FBEE35F6E0CB7CF4CF74D6591ABC66FF4A9B8FA8867FC5E8B784763C460974FE2517C80C5322DC1C633BD0826E73A95EFF233BADBC23E73EA21673E64C055976D961BECCDB8A9B6C6A0F6EEC8BBFBBEC68CF1AEC24D55D94EAD61A31F7A46F3DB6D23A596174CF72EBA170E56A6A82F02B62A775AF82EAAE288A9A6A8FFE2069F960856552E4C185F6FA41A96AAEFBB0D50DAB734DF6FBBD93B8926725AA70A774AF705E217B6D555537175CFE29002F7FB6654D59C1DC0B5151A53C14DE2022D4552177C1D2562077B55575457217D6B4D5C85D0EC92A1A667B93173387F1D634FE4EF98AD15DAAA6DE4F0EC47B1D839C902D71B25D9C91E9C6B7566AF62ADBDAB7BF291574F63A79E4A24D0BB81E85991D34E39DD5340E765D2B4A1607C3DEA76ABF799DE2A1942656B9D1FBAD48DC65116243A6CFFF55EDE10154CB2812D4F75F61B86B5DD37DDB3BF05A18BB3AC20353B6BC6C61FFD582BB5636DDB7BF035736AB9AC003D3B57DDD9F7BD634E32BF4A0144D136DAE7696FFD66A5D633794DE0EA4230DE9B246D1742BEDE8A2906D1F80075711E1BB69F1D694CA09C43D55D7D165E65D3D16941E7DF6BD743EF2564CABB24747F6B779D4852F3A62D579A225580DD113D557DC88842BB59708D6920B14848A5E031A921D48A4A411CD4BB39367EE77360A341FD34C56530BD7443B77431A69E7639A696B2ACCF651A5A9ACF15255DFB65CA74DE515EFA92A935B494B1170DBD3A931EFEF3D15610E2214CE7A34F96BEFA7E6721091ECC374AA8B60901A4BF1CA692C7F1C4AA0C39451CA0955D44DA9FDBFB2507F29469B0A82E58961E8720E4A39862DB7F096048E8A2142BCF41612E051EFE53C22680D5C42BBD927A8F4EFB8A55174F6217405BD6B7C9F906D42E89261B0F2B9F033F3B79AE8A7B5A23CCFB3FB2DFB150FB104CA26629FEEEEF1E704F95EC9F7952242AB81608E5CFE7D85ED2561DF5936AF25D25D880D8172F195FEE7230CB63E058BEFF1123CC32EBC51D5BB811BE0BE56F1781D48FB46F0629F5D20B0894010E718D57CFA93EAB017BCFCF83F2DDA114B9C680000, N'6.1.3-40302')
GO
INSERT [dbo].[__MigrationHistory] ([MigrationId], [ContextKey], [Model], [ProductVersion]) VALUES (N'201506190200225_AutomaticMigration', N'LRADPortal.Models.ApplicationDbContext', 0x1F8B0800000000000400DD5D596FE4B8117E0F90FF20F4531278BB7D640613A37B179EB6BD6BC417A63D8BBC0DD812BB4D8C44F54A94D746905F9687FCA4FC8590BA7949A4A43E1C2CB0B0797C552C5691C55295E7BFFFFECFF4A7D7C0775E6014A310CF4627E3E39103B11B7A08AF67A384AC7EF834FAE9C73FFE617AE505AFCEAFC5B833368ECEC4F16CF44CC8E67C3289DD671880781C20370AE37045C66E184C80174E4E8F8FFF36393999400A31A2588E33FD9260820298FE427F9D87D8851B9200FF2EF4A01FE7EDB46791A23AF72080F106B87036BAFD7271F9184604F8E36CF0C8B9F011A08C2CA0BF1A3900E3900042D93CFF1AC3058942BC5E6C6803F09FDE36908E5B013F8639FBE7D570D3951C9FB2954CAA8905949BC4240C2C014FCE72D14CC4E99D043C2A4547857745854CDED8AA5301CE46371E4C9BBE843E158048F07CEE476CF06C745792B88837F7908C8B89E30CF23AA270BF87D1F7711DF1C8319E7754AAD2E9F898FD77E4CC139F24119C61989008F847CE63B2F491FB77F8F6147E87787676B25C9D7DFAF01178671FFF0ACF3ED4574AD74AC7710DB4E9310A3730A2BCC155B9FE9133E1E74DC489E5B4DA9C4C2A5497A8558C9C3BF07A0BF19A3C537B39FD3472AED12BF48A965CB9BE62448D884E2251427FBD4F7C1F2C7D58F64F1A69B2FF37503DFDF07110AAF7E005ADD3AD17E853C389A85D7D817EDA1B3FA34D665EDC7E7FCB875D4761C07EE7F52BEBFDB60893C8658B09B5439E40B48684E76E3AA994D748A519D4F06A5DA01EBE6A334E65F5560E650BEA620905895D5B43C1EF76E91A6B5C2A06BC0A9B344DBAA4C6C5AC23A7EAAB54E5C45455305D4227F5405D361C9552FF39613F5B6EDC358A62D272967D38DE86CADC823D11BE70611CDFC217E817A43FBF117B980555A824EE05F144FDAB79040181E5265ED25F5873DB54A6AB1DA7B23154E3D10A75236B36D7D8562F361B6A3DA97132743B931526EFC972DF8BCF721500E40FE0B41850A1CF85158A824A4B3E87F48A00D89AE74710C7F4CEF67E01F17303EBF4C701585F403789A87A52DB0E365BA7F6F81C62789F044BA6F5BBA335D8D63CFD1E5E039784D11566B37AE3DD86EEF7302157D86347CA57E2DA9E4E25C020EC5CB8ECA2B8A6CA0CBD79485FC305E00D2667A7D670EC7CDAF7A361EE0314A85F0DC249FAAD185ABD1CD423A4D7836698EA05D1C4EA6DB846D88CD562A89ED56C442BABF9305B56199819A7F9483DA3E980563EB351B66C564EB101A7D5603DB3C598567ECB81833D2353A51AFE1D99C21EFE43B29FBFA13BBE6A625CD0431DFE0C318C9883F908088111AE76C0E4A8DB877F936E1F23BAF5EB34A5F42BF093A14975B286F4DC1ADE1A52D8C3B786944DDAFC823CE6481944578AC114DE68BC3A70D36E730267BB36076E99BB26BE9B3340672E17711CBA28B502455C3D8F8AF2FC53B7D3690F9166AB11C3AC746154D111BBF5680B5DDB4854AA077C097D48A073E166DF1DE6207681278B912EC8B360ACB851158C55E1569EB9BF4834A9A6C3884D02ECDD16534B4598C86681B08B36C06F959230D3F00A636B2F69883D9770033123D82A0913E2EAE82A63A0A4236C4A9B84A6939AC6352BA2C6D1D6ED799BD75DEDBB1448D9894EB6B8FB1ABDCCFDB7AD2866B3C476A09CCD22316140FBA5601F0A9A3FAF4C15407C6B1D9A820A8F3C8D82E62ED54E149497D81E149417C9BB53D0EC556DBAFFC213FBD0D4937FDBEFFE5A6F14D71E749393C7BB53CD328C62BAFD724CC5584165053020A350B42AF4B32D03D00A3473E6E92610BA053092857AB9649DF095285EBB94EFFCC11BE76F07511A0C7C01091FB6AB1E104AC75E12290F225A65136065B92DA0D50E4858559701868A1949892C1658C4841B5798BB7616B045FCB61136BF9005D89A1EC9D8F50498DA407D9A8CA8DF464FC27265A54649278FD10BAE86A3502AD1A0F8851B084517DF970563F240B179A2D416966F4683805A9E131A21158B195C4A856AB64B49E525DBF8C9BDA424F8B41A29158B195C4AB98EB60B49E1A959F86ABD44C4FB553B36B6EAD46E9791DA65B0731A7A494AF20D0434E5F5A3975111A22B6FF5B26F3AC95287F386E94493633CBD039B0DC2EB5ACE71DEE22CB284E3F90F0BFB54DC20C398B8B12223B7E4B6A444C208ACA1D04B49534ED324AA4B40C012B000E5DC0BA4614A1F4673451624EB6E8ABC7DC55D598C663FE76167294D86736964273A87B8A60B0C98279E7EFE5198887ABAC352C0810F22C517A779E82701D63F0CF4B3B34FE5F5F9598B8C309D08FC4B8EBF242CC93BE5256FB42FF2B931CC1E955E62F77DD243E8A45D3C9AEAF2D63DA4F428455CB58EA28BB5EE6DDF1ACE579BEDD2C1186C937EAA767B90B83772AE68D3FC5A96671DA5D66C8E55E56DD6A1AA5673A47A22661DABDE6E8E56E463D6918A3673142E25B30EC57598E371799AA27575C0E393374506AB1E3B0ED5887CCF411970DFC3567C05DB1B712BC276AEC53C85B30E90375962D4B20025B05A9F392A9FA859C7E47B2C2C9ACFC6E40C9BEFB2E0B29E73C93159EFE884A791A87A8485C54B59969CD54BBD1627B99C6FC91DE97277076C05CF629FCD8D21A564F21787D46D770ECAF75AD57A30E79F22F0319CE79945EFFAB99E1A8CED1C88C378AEB5CCB13A50ADD9122BCF0D93C0F2F68354266D08ABAB326531DB7ECAA4C1D09F3B5CCA157FEC34E689E931B93C2AEE686FCA23D3E3D9A9ECB615830FDCF0DAA18F63593857B559964E140B528937404BB04A169FE183AAC051BEACD20F5805440F26B59F513B1F8C7ACEC4909CBCF952644E1C52AA5E19A1132271D33C2AD6FE2701A430593664E41436447DBAB798C060CC068C17BFF9731F4176831703EE00462B18932C7174747A7CFC49F8B3028753E23F8963CF5744157575FEFCC6ED20071CBF80C87D06919C91D9A30CBE0295BECDDE600FBECE46FF4C679DA78167F653DA7CE4DCC45F31FA2DA11D4F51029D7FC94531C3940537C7C70EB488DB5CAA37FFC84E1AEFC87988A8C59C3BC7822CBBEC305FDA6DC54D36B50737F605DF5D76B467DD7592EA2E4A756B85986BD1B7065B699DAC18BA6789F550B872053541F80DB1D3BA5711755714451DB5477F2169C960856552D8C185E5FA41A9EAACFBB0D50DAB731DF6FBBD93B8326725AA70A774AF6A5E227B6D555534175CFE2900AF7FB6654D59B5DC0B5151993C14DE2022D4551E77C1D2561D77B55575157217D6B415C85D0EC92A92657B93173387F1D634FE4EF9F6D25DAAA6DE4F0EC47B1DC3FB8F8A20D72E0EC974E75BCB337BD56AEDDBE194AA387B1D3D72A5A6055C8F6ACC0E9AF1CE0A1907BBAF15758A8361EF53B5B75E9C7828F5885562F37ECB10775979D890A6F37F5570780025328AECF2FD9715EE5AD7741FE60EBC00C6AE78F0C0942DAF39D87F89E0AE954DF7E1EEC095CDAA10F0C0746D5FF7E79E35CDF80A3D2845D3849BAB9DE53F94EEACB06E287D1F48B71A72648DC2F0565AD54591DBBEFA0EAE5AC207D7E28D2AD510887BAA2E9ECB8E85EA91A17C09641F5A67236FC9B4317BAC647FC8475DEDA223569D435A82D5103D517D998D48B8321789602DA34041A8E835A021D981444A1AD1BC343B79E6FE6AA340F331CD643505704DB473F7A591763EA699B6A6AC6C1FA599CAC22E55C96DCB35DC5453F19E4A31B995B454FEB63DB91A93FDDE53E5E52042E1AC4793B4F67E0A2D0711C93E4CA7BA080629AC14AF9CC69AC7A1043A4CEDA49C8945DD94DA3FE142FDA518AD2B08F60FBA60E8720E4A39862DB7F096048E8A21429CF50E12E051EFE5222268055C42BBD9B7ABF48FBEA5D177F6057509BD1BFC90904D42E89261B0F4B9B035F3B79AE8A705A23CCFD3870DFB2D1E6209944DC4BEF93DE0CF09F2BD92EF6B45645703C11CB9FCBB0CDB4BC2BECFACDF4AA4FB101B02E5E22BFDCF27186C7C0A163FE00578815D78A3AA770BD7C07DABE2F83A90F68DE0C53EBD44601D8120CE31AAF9F457AAC35EF0FAE3FF003C7C81ECC9680000, N'6.1.3-40302')
GO
INSERT [dbo].[__MigrationHistory] ([MigrationId], [ContextKey], [Model], [ProductVersion]) VALUES (N'201506190204086_AutomaticMigration', N'LRADPortal.Models.ApplicationDbContext', 0x1F8B0800000000000400DD5D5B6FE3B8157E2FD0FF20E8A92DB2B6937406D3C0DE45C6497683E6867166D1B7012DD10E3112E595A86C82A2BFAC0FFD49FD0B2575E74DA22EBE150B2CC6BC7C3C3CFC481E1E9D33F3DF7FFF67FAD39BEF59AF308C508067F6E968625B103B818BF07A66C764F5C327FBA71FFFF887E9B5EBBF59BFE6EDCE593BDA134733FB8590CDC5781C392FD007D1C8474E1844C18A8C9CC01F0337189F4D267F1B9F9E8E2185B02996654DBFC498201F263FE8CF79801DB82131F0EE03177A51564E6B1609AAF5007C186D800367F6DD97CBABA72024C01BA58D6DEBD243800AB280DECAB600C60101848A79F135820B120678BDD8D002E03DBF6F206DB7025E0433F12FCAE6A633999CB1998CCB8E3994134724F05B029E9E67AA198BDD3B29D82E544795774D954CDED9AC1305CEEC5B1726455F028F2A401CF062EE85ACF1CCBE2F86B88C360F908CF28EA314F226A470BF07E1F75115F1C432EE775250E96C3461FF9D58F3D82371086718C62404DE89F5142F3DE4FC1DBE3F07DF219E9D9F2E57E79F3E7C04EEF9C7BFC2F30FD599D2B9D2765C012D7A0A830D0CA96C7055CCDFB6C67CBFB1D8B1E856E9936A857289EE0ADBBA076F7710AFC90BDD2F679F6CEB06BD41372FC9C8F51523BA89682712C6F4E743EC7960E9C1A27E5C3B26FB7FCDA8671F3E0E32EA037845EB64E985F1E9C609E9BEFA02BDA4367A419B747B71EBFD2D6B7613063EFBCDF32BADFDB608E2D0619309B44D9E41B88684976E3A2EC96B446906353CAD73D4C3A7369354A6B7B2299B50979D900FB1EBDD90CBBBDD718D1997A801AF823AA64997D428EF7562957525554E4DA982E9143AD1037559705468FDE798FDB9E5C2DDA030220D67D987C936287307F634F0A503A3E80EBE422F1FFAF33B690FB3A0848AA35E10CFD4BE9A871010582CE215FDC18A9BBA32AE76ECCADA50C6A315EA36AC595FE3BD7AB9D9D0DD936C4E86DE6ECB0A9DF7B4738FC566E97B585CFB007903183D06A3D0E7C60A857EC9B2CF01BD62006E2DF31388227AE7BBBF80E8A54674FAC701445F40270E29BDE9D9E06FB63EDAD34B80E143EC2FD9AED9DD58832DCDF3EFC10D7048105E63D6AB37DE5DE07C0F62728D5D76247D254EDBD3AD0018449C4B875D343794CCD09D07F4359D03DE62727ED67EF3D2F36DDF8F8EB90790AF7E750827F1B7BC69F9F250B7905E1F9A66AA17489DA877C11A613351F3A67A51D3168DA266CDDA8ACAC0CC24CD5AEA054D1A34CA99B66A2B6669541B485A36D60B9BB76994B76838D8333421D5F0EFD004F6F01FA2FDEC15DDF15551E3821EEAF0678861C80CD42740080C71B9022647DD3EECA364F9D8A05BBF4E93917E055E3CF4509D7643726E0DBF1B12D8C3DF0D8998B4F815B9CC9032F0CEE48D29BC517BB5E3A779CF0992ED7A3B70D3DCF95B652767806EBB5C4651E0A0641728FCF2995795979F9A9D56B38B359D8DE8A6A513A34447ECD6A325746EB648AA477C053D48A075E9A4DF2DE62072802BAB914EC86D21587EA32A042BDDB5BC707F91C6A44C8721EB04D8BB2DA23B1561226F0B841DB4015EA396849E8657189B7B31865873053710B3011B356132B8DA3BCB0428C61116A54943D3718571F544D418DABA356FB2BACB75971C313BE16483B9AFE16566BF6D8598F51ADB0139EB55622280F64BC33E089A3DAF4C0920BEB50E8DA0C2234F43D0CCA4DA0941798DED81A0BC4A8E8EA0E9ABDA74FD8527F6A1D1937FDBEFFE5AAF55D71EB8C9E9E3E8A859B8514C975FF6A91813542680C1300AA295AE9F2D6E8041B829CEC2881EF257DA5EFC1417AC870C83F3337D1BD13E84F680A1CCD1AB25AB846F44E13CA013CBFC0751F61413C9C5C01790F05ED0F23DA67C27490CE541C443AE0EB03C081B404B424B58659501864A18694FB69860EE62AF9D616629B780CDDDE1B5B0997D23C05678246357E3912A0DF5514B22C18D5ED8C5CC0A46491BC5E8415CC151904A3C9FF8891B2845F7B944568CC97BAFCD8BAF32B16C316A14D4F03AD328299FCCE05ACAA9D9AC25D5A3A3CDB3A39796842782464BF96406D752C6D16625290CDF16A66F2F15F166EA8E375B796A37EB486D81B5B3C17A694A32B50434E5F5A3D751EEF12C6EF5A26E3A4E23B9B382E95813F23DBD079B0DC2EB4A087856622DD2F8EFF90F8BF691D17E8A317638468A364831120942B086422D1D9A4A9AC4B45D01029680F97BE7AE2F3553DA309A2B321FB26AA6C8CB97DF95796BF6E7CC8B2F452D71268D6CF065103774823E331C93AF698A2DA2EE6EB1887CE08150F1016F1E78B18FF5EF2C7DEF34F2A0DA3F2D9111A663417EC94E95942519FBBCE68DD6453E378659A3C24AECBE4E7A089DB6F3376855DFBA77A91E257753575174AEEBBDAD5BCDF9DA66B9743006CBA4EFAA5D1E24AE8DEA41A6EF5F09BAADA2548ACDB1CA30DA2A54596A8E548D8BAD6255CBCDD1F2F0D82A525E668EC245C856A1B80A733C2E6C56DC5D1DF0F8585A51C0B2A69D846A44BEE6A03670DFC3567C05B7DFC48D08DBB916FB9E0459446D15212B6A895109CA94C02A75E6A87CDC6C1593AF697122F0C1B1DCC1C057B590B21A02CB0959ADE884A7D1A8BA458B13430A7AE54E0DA9B6C54D2087BF7257825CDD015B21B358D7E6C6912264F98B47AA6E778ECAF762597A30E7A7C271329CE59A7AFFFA99AE1A8C2D1DA88358BE9540BE2A50A5B8255616AA278165E5074926AD0BAC2B99529F6F3F326930F4E70E1701C71F3BB5617B7A4C2EAC8D3BDAEBC2FAF478ED28BB556248CE1DB149317AE1E4119C39D3CCB1D29CE42F795AD226B695AB915EEBEF1181FE8835182D7EF3E61E82EC10CF1BDC038C5630226928A77D36997C12FEA280C349DA1F4791EB291C53BACC7D7ECD7610958D5F41E8BC80508E91EC91D85E824A9FF76EB10BDF66F63F935E1789EF92FD29293EB16EA3AF18FD16D38AE73086D6BFE4349561127DEB5D2C079A966DAED5DB7FA4EE5FF7C47A0CE98EB9B026822EBBAC309FACDD4A9AB46B0F69DAA7707759D19E99D471C25D94708BBEB6C3FE59D5CADDC9D29B7B264D0F852BE7441384DF113BAD7BA5457745516446BBF4074992F84A2C93540BCEB3D30F4A9539DD47AC6E589D33AB8FF74EAADD9B26872812CEAC3E89CFCA5909775AF73CE7256ABF5B5439CEB9947FF2C1DB9FDB8AA6CC63EE85A8C8551E0A6F1015EA7291BB6069F390BB9E15EABCE42EA2697392BB1CD2A533A5AD2591F7DCA3B5A8F06AECE2484CF4DC981ED92B576ADFE6A59445D96BA3CB99922DE07A64437660C69125120E763B2BF20487BBF9F748EDAD27071E4A3E601909BBDF34C05D66FED5C475FC5F25FC1D408A8A221C79FF697DBBE69AEE4BCC8127A0B44BDE3B30B26541EAFB4FD1DB35D9745F6A0E9C6CAD12F10E8C6BFBBA3FF7CC34E32BF4A088D69856570656EF3AB16D10BE0FC4AD9AA0CAAD27C61D41229C1C6B2E2EA53AC92A3D0DCAB785F201907E4D9DD9EE9291307DA3A47F7F8E3A2B42375879FC68072C9BE807D5A76388031B65CBA906CA6B0DC690E82F0D25B5A89F5A3B7D66666AAD42B336F5C36A12A5EAC6CEAC96DAB1B336F5636BD28FF691C2A74C0052A56636DCBE75B1F7C794B2C7CDA42143B4E9A5551BD4754C197A832885DB3D9AE0A4E349C81B4425FBD83A0327E089574E6D6EDC500A1D26C74E0EB7A2664AE55F5EA1665284D62504FB775830743803A568C3A69B1B4982447913C1BD7A0F0970A9F5721912B4020EA1D5EC0351F277AD254E77F6997209DD5BFC18934D4CE894A1BFF4386F35B3B7EAC64F12097999A78F1BF62B1A620A544CC43EAC3DE2CF31F2DC42EE1B85435703C10CB9EC730C5B4BC23ECBACDF0BA487001B0265EA2BECCF67E86F3C0A163DE20578855D64A3D4BB836BE0BC97EE7B1D48F342F06A9F5E21B00E811F6518657FFA9372D8F5DF7EFC1F42FE9C4B80680000, N'6.1.3-40302')
GO
INSERT [dbo].[__MigrationHistory] ([MigrationId], [ContextKey], [Model], [ProductVersion]) VALUES (N'201506190206090_AutomaticMigration', N'LRADPortal.Models.ApplicationDbContext', 0x1F8B0800000000000400DD5D596FE4B8117E0F90FF20F4531278BB7D640613A37B179EB6BD6BC417A63D8BBC0DD812BB4D8C44F54A94D746905F9687FCA4FC8590BA7949A4A43E1C2CB0B0797C552C5691C55295E7BFFFFECFF4A7D7C0775E6014A310CF4627E3E39103B11B7A08AF67A384AC7EF834FAE9C73FFE617AE505AFCEAFC5B833368ECEC4F16CF44CC8E67C3289DD671880781C20370AE37045C66E184C80174E4E8F8FFF36393999400A31A2588E33FD9260820298FE427F9D87D8851B9200FF2EF4A01FE7EDB46791A23AF72080F106B87036BAFD7271F9184604F8E36CF0C8B9F011A08C2CA0BF1A3900E3900042D93CFF1AC3058942BC5E6C6803F09FDE36908E5B013F8639FBE7D570D3951C9FB2954CAA8905949BC4240C2C014FCE72D14CC4E99D043C2A4547857745854CDED8AA5301CE46371E4C9BBE843E158048F07CEE476CF06C745792B88837F7908C8B89E30CF23AA270BF87D1F7711DF1C8319E7754AAD2E9F898FD77E4CC139F24119C61989008F847CE63B2F491FB77F8F6147E87787676B25C9D7DFAF01178671FFF0ACF3ED4574AD74AC7710DB4E9310A3730A2BCC155B9FE9133E1E74DC489E5B4DA9C4C2A5497A8558C9C3BF07A0BF19A3C537B39FD3472AED12BF48A965CB9BE62448D884E2251427FBD4F7C1F2C7D58F64F1A69B2FF37503DFDF07110AAF7E005ADD3AD17E853C389A85D7D817EDA1B3FA34D665EDC7E7FCB875D4761C07EE7F52BEBFDB60893C8658B09B5439E40B48684E76E3AA994D748A519D4F06A5DA01EBE6A334E65F5560E650BEA620905895D5B43C1EF76E91A6B5C2A06BC0A9B344DBAA4C6C5AC23A7EAAB54E5C45455305D4227F5405D361C9552FF39613F5B6EDC358A62D272967D38DE86CADC823D11BE70611CDFC217E817A43FBF117B980555A824EE05F144FDAB79040181E5265ED25F5873DB54A6AB1DA7B23154E3D10A75236B36D7D8562F361B6A3DA97132743B931526EFC972DF8BCF721500E40FE0B41850A1CF85158A824A4B3E87F48A00D89AE74710C7F4CEF67E01F17303EBF4C701585F403789A87A52DB0E365BA7F6F81C62789F044BA6F5BBA335D8D63CFD1E5E039784D11566B37AE3DD86EEF7302157D86347CA57E2DA9E4E25C020EC5CB8ECA2B8A6CA0CBD79485FC305E00D2667A7D670EC7CDAF7A361EE0314A85F0DC249FAAD185ABD1CD423A4D7836698EA05D1C4EA6DB846D88CD562A89ED56C442BABF9305B56199819A7F9483DA3E980563EB351B66C564EB101A7D5603DB3C598567ECB81833D2353A51AFE1D99C21EFE43B29FBFA13BBE6A625CD0431DFE0C318C9883F908088111AE76C0E4A8DB877F936E1F23BAF5EB34A5F42BF093A14975B286F4DC1ADE1A52D8C3B786944DDAFC823CE6481944578AC114DE68BC3A70D36E730267BB36076E99BB26BE9B3340672E17711CBA28B502455C3D8F8AF2FC53B7D3690F9166AB11C3AC746154D111BBF5680B5DDB4854AA077C097D48A073E166DF1DE6207681278B912EC8B360ACB851158C55E1569EB9BF4834A9A6C3884D02ECDD16534B4598C86681B08B36C06F959230D3F00A636B2F69883D9770033123D82A0913E2EAE82A63A0A4236C4A9B84A6939AC6352BA2C6D1D6ED799BD75DEDBB1448D9894EB6B8FB1ABDCCFDB7AD2866B3C476A09CCD22316140FBA5601F0A9A3FAF4C15407C6B1D9A820A8F3C8D82E62ED54E149497D81E149417C9BB53D0EC556DBAFFC213FBD0D4937FDBEFFE5A6F14D71E749393C7BB53CD328C62BAFD724CC5584165053020A350B42AF4B32D03D00A3473E6E92610BA053092857AB9649DF095285EBB94EFFCC11BE76F07511A0C7C01091FB6AB1E104AC75E12290F225A65136065B92DA0D50E4858559701868A1949892C1658C4841B5798BB7616B045FCB61136BF9005D89A1EC9D8F50498DA407D9A8CA8DF464FC27265A54649278FD10BAE86A3502AD1A0F8851B084517DF970563F240B179A2D416966F4683805A9E131A21158B195C4A856AB64B49E525DBF8C9BDA424F8B41A29158B195C4AB98EB60B49E1A959F86ABD44C4FB553B36B6EAD46E9791DA65B0731A7A494AF20D0434E5F5A3975111A22B6FF5B26F3AC95287F386E94493633CBD039B0DC2EB5ACE71DEE22CB284E3F90F0BFB54DC20C398B8B12223B7E4B6A444C208ACA1D04B49534ED324AA4B40C012B000E5DC0BA4614A1F4673451624EB6E8ABC7DC55D598C663FE76167294D86736964273A87B8A60B0C98279E7EFE5198887ABAC352C0810F22C517A779E82701D63F0CF4B3B34FE5F5F9598B8C309D08FC4B8EBF242CC93BE5256FB42FF2B931CC1E955E62F77DD243E8A45D3C9AEAF2D63DA4F428455CB58EA28BB5EE6DDF1ACE579BEDD2C1186C937EAA767B90B83772AE68D3FC5A96671DA5D66C8E55E56DD6A1AA5673A47A22661DABDE6E8E56E463D6918A3673142E25B30EC57598E371799AA27575C0E393374506AB1E3B0ED5887CCF411970DFC3567C05DB1B712BC276AEC53C85B30E90375962D4B20025B05A9F392A9FA859C7E47B2C2C9ACFC6E40C9BEFB2E0B29E73C93159EFE884A791A87A8485C54B59969CD54BBD1627B99C6FC91DE97277076C05CF629FCD8D21A564F21787D46D770ECAF75AD57A30E79F22F0319CE79945EFFAB99E1A8CED1C88C378AEB5CCB13A50ADD9122BCF0D93C0F2F68354266D08ABAB326531DB7ECAA4C1D09F3B5CCA157FEC34E689E931B93C2AEE686FCA23D3E3D9A9ECB615830FDCF0DAA18F63593857B559964E140B528937404BB04A169FE183AAC051BEACD20F5805440F26B59F513B1F8C7ACEC4909CBCF952644E1C52AA5E19A1132271D33C2AD6FE2701A430593664E41436447DBAB798C060CC068C17BFF9731F4176831703EE00462B18932C7174747A7CFC49F8B3028753E23F8963CF5744157575FEFCC6ED20071CBF80C87D06919C91D9A30CBE0295BECDDE600FBECE46FF4C679DA78167F653DA7CE4DCC45F31FA2DA11D4F51029D7FC94531C3940537C7C70EB488DB5CAA37FFC84E1AEFC87988A8C59C3BC7822CBBEC305FDA6DC54D36B50737F605DF5D76B467DD7592EA2E4A756B85986BD1B7065B699DAC18BA6789F550B872053541F80DB1D3BA5711755714451DB5477F2169C960856552D8C185E5FA41A9EAACFBB0D50DAB731DF6FBBD93B8326725AA70A774AF6A5E227B6D555534175CFE2900AF7FB6654D59B5DC0B5151993C14DE2022D4551E77C1D2561D77B55575157217D6B415C85D0EC92A92657B93173387F1D634FE4EF9F6D25DAAA6DE4F0EC47B1DC3FB8F8A20D72E0EC974E75BCB337BD56AEDDBE194AA387B1D3D72A5A6055C8F6ACC0E9AF1CE0A1907BBAF15758A8361EF53B5B75E9C7828F5885562F37ECB10775979D890A6F37F5570780025328AECF2FD9715EE5AD7741FE60EBC00C6AE78F0C0942DAF39D87F89E0AE954DF7E1EEC095CDAA10F0C0746D5FF7E79E35CDF80A3D2845D3849BAB9DE53F94EEACB06E287D1F48B71A72648DC2F0565AD54591DBBEFA0EAE5AC207D7E28D2AD510887BAA2E9ECB8E85EA91A17C09641F5A67236FC9B4317BAC647FC8475DEDA223569D435A82D5103D517D998D48B8321789602DA34041A8E835A021D981444A1AD1BC343B79E6FE6AA340F331CD643505704DB473F7A591763EA699B6A6AC6C1FA599CAC22E55C96DCB35DC5453F19E4A31B995B454FEB63DB91A93FDDE53E5E52042E1AC4793B4F67E0A2D0711C93E4CA7BA080629AC14AF9CC69AC7A1043A4CEDA49C8945DD94DA3FE142FDA518AD2B08F60FBA60E8720E4A39862DB7F096048E8A21429CF50E12E051EFE5222268055C42BBD9B7ABF48FBEA5D177F6057509BD1BFC90904D42E89261B0F4B9B035F3B79AE8A705A23CCFD3870DFB2D1E6209944DC4BEF93DE0CF09F2BD92EF6B45645703C11CB9FCBB0CDB4BC2BECFACDF4AA4FB101B02E5E22BFDCF27186C7C0A163FE00578815D78A3AA770BD7C07DABE2F83A90F68DE0C53EBD44601D8120CE31AAF9F457AAC35EF0FAE3FF003C7C81ECC9680000, N'6.1.3-40302')
GO
INSERT [dbo].[__MigrationHistory] ([MigrationId], [ContextKey], [Model], [ProductVersion]) VALUES (N'201506190211380_AutomaticMigration', N'LRADPortal.Models.ApplicationDbContext', 0x1F8B0800000000000400DD5D6D6FE3B811FE5EA0FF41F0A7B6C8D94ED25D6C03FB0E5927B90B9A37ACB3877E5BD012ED102B513E89CA2528FACBFAA13FA97FA1A4DEF9269192623B4581C39A2FCF0C8733E4703493FEF7DFFF99FDF412F8CE338C6214E2F9E8783C1D3910BBA187F0663E4AC8FA874FA39F7EFCE31F66975EF0E2FC5A8C3B65E3E84C1CCF474F846CCF2693D87D820188C70172A3300ED764EC86C10478E1E4643AFDDBE4F8780229C4886239CEEC4B82090A60FA83FE5C84D8855B9200FF36F4A01FE7EDB46799A23A772080F116B8703EBAF9727EF1104604F8E36CF0C839F711A08C2CA1BF1E3900E3900042D93CFB1AC3258942BC596E6903F01F5FB7908E5B033F8639FB67D570D3954C4FD84A26D5C402CA4D6212069680C7A7B96826E2F44E021E95A2A3C2BBA44226AF6CD5A900E7A36B0FA64D5F429F0A402478B6F02336783EBA2D499CC7DB3B48C6C5C47106791551B8DFC3E8FBB88E78E418CF3B2A55E9643C65FF3B7216894F9208CE314C4804FC23E72159F9C8FD3B7C7D0CBF433C3F3D5EAD4F3F7DF808BCD38F7F85A71FEA2BA56BA5E3B806DAF410855B1851DEE0BA5CFFC899F0F326E2C4725A6D4E2615AA4BD42A46CE2D78B98178439EA8BD9C7C1A3957E8057A454BAE5C5F31A24644279128A13FEF12DF072B1F96FD93469AECBF0D544F3E7C1C84EA1D78469B74EB05FAD470226A575FA09FF6C64F689B9917B7DFDFF261575118B0DFBC7E65BDDF966112B96C31A176C823883690F0DCCD2695F21AA934831A5EAD0BD4C3576DC6A9ACDECAA16C415D2CA120B16B6B28F87D5BBAC61A978A01AFC3264D932EA97131EBC8A9FA2A55393655154C97D0493D50970D47A5D47F4ED8BF2D37EE0A45316939CB3E4CDF42656EC09E089FBB308E6FE033F40BD29F5F893DCC922A5412F78278A4FED5228280C072132FE80FD6DC3695E96AC7A96C0CD578B446DDC89ACD35B6D5F3ED965A4F6A9C0CDDCE6485C97BB2DCF7E2B35C0600F903382D0654E873618DA2A0D292CF21BD2200B6E6F901C431BDB3BD5F40FCD4C03AFDE700AC2FA19B44543DA96D07DB37A7F6F014627897042BA6F5BBA335D8D63CFE1E5E019784D12566B37AE3DD84EEF7302197D86347CA57E2DA9E4E25C020EC9CBBECA2B8A2CA0CBD45485FC305E03526A727D670EC7CDAF7A361E10314A85F0DC249FAAD185ABD1CD423A4D7836698EA05D1C4EA4DB841D88CD562A89ED56C442BABF9305B56199819A7F9483DA3E980563EB351B66C564EB101A7D5603DB3C598567ECB81833D2353A51AFE1D99C21EFE43B29FBFA13BBE6A625CD2431DFE0C318C9883F900088111AE76C0E4A8DB877F936E1F23FAE6D7694AE957E0274393EA640DE9B935BC35A4B0876F0D299BB4F91979CC913288AE148329BCD17875E0A6DDE604CE766D0EDC32774D7C376780CE5CCEE33874516A058AB87A1E15E5F9A76EA7D31E22CD56238659E9C2A8A22376EBD116BAB691A854F7F802FA9040E7DCCDBE3B2C40EC024F16235D9067C15871A32A18ABC2AD3C737F9168524D87119B04D8BB2DA6968A3091CD0261176D81DF2A2561A6E115C6D65ED2107B2EE0166246B0551226C4D5D155C6404947D8943609CD26358D6B56448DA3ADDBF336AFBBDA772990B2139D6C71F7357A99FB6F6FA298CD12DB8172368BC48401ED97827D2868FEBC325500F1AD75680A2A3CF2340A9ABB543B51505E627B50505E24EF4E41B357B5E9FE0B4FEC43534FFE6DBFFB6BBD515C7BD04D4E1EEF4E35CB308AE9F6CB311563059515C0808C42D1AAD00F8F3F1D8F8F45EF5B2398CC29A7C224549430928573B1629DF085285EAD947EFE708DF33780B82A06BE84840FBF550F01A5832E89860711ADAB09B0B2C016D04A921256D56580A1624652068B0516B1DDC615E62E9A056C11876D84CD2F5601B6A64732763D91A536509FEE225ABED1D3AE5C59A951D20962F412ABE128944ABC19F8851B084517A7970563F2D0B0796AD416966F4683805A9E051A21158B195C4A856AB64B49E5EDDAF8BBBDA424F8A61A29158B195C4AB98EB60B49E17159F85CBD44C4FB473B36B6EAD46E9791FAEAB7BBFC7B494ABAE30534E5F5A39751116A2B6FF5B26F36C95280F386D944932B3CBB05DB2DC29B5AEE70DEE22CB3C4E1C50F4BFB94DA20C398B8B122B3B6E4B6A444C2086CA0D04B49534ED364A80B40C00AB040E3C20BA4614A1F4673451624EB6E8ABC7DC55D598C66FFCEC3C752BA0BE7D2C8CE700E71451718308F3AFD8CA33011F57487A572031F448A2F478BD04F02AC77F0F5B3B34FDEF5F9598B8C309B08FC4B0EBC242CE999C54BDE685FE47363983D2ABDC4EEFBA487D049BB78FCD4E5AD7B10E9518AF8681D451733DDDBBE359CAF36DBA58331D826FD54EDF620716FE49CCFA6F9B56CCD3A4AADD91CABCABFAC4355ADE648F584CA3A56BDDD1CADC8ABAC23156DE6285C6A651D8AEB30C7E3F22D45EBEA80C727618A0C563D761CAA11F99E8332E0BE87ADF80AB637E25684B7B916F354CC3A40DE648951CBE693C06A7DE6A87CC2651D93EFB1B0683EAB92336CBECB82CB7AEE24C764BDA3139E46A2EA1116162F654B72562FF55A9CE472DE2477A4CBDD1DB0153C8B7D363786945AC95F1C52B7DD3928DF6B55EBC19C7F8AC0C7709E6716BDEBE77A6A30DEE6401CC673AD6580D5816ACD9658798E970496B71FA4326943585D95298BD9F653260D86FEDCE152A7F863A731DF4B8FC9E54371477B533E981ECF4E65DF5A31F8C00DAF1DFA38968573559B65E944B120957803B404AB64F1193EA80A1CE5CB2AFD125B40F46052FB39B4F3C1D8C819F5373C947E65BC8E593A5C990A67BA7231AC272B9014DD138794EA5B46F98468DE2C8FACB5FF790029D4960D1939851D52BFF035263018B301E3E56FFEC247907901C5805B80D11AC6244B221D9D4CA79F843F317038E5FE9338F67C45645257F3CF6FDC0EF2C1F13388DC2710C9D9993D4AE22B50E9FBEE35F6E0CB7CF4CF74D6591ABC66FF4A9B8FA8867FC5E8B784763C460974FE2517C80C5322DC1C633BD0826E73A95EFF233BADBC23E73EA21673E64C055976D961BECCDB8A9B6C6A0F6EEC8BBFBBEC68CF1AEC24D55D94EAD61A31F7A46F3DB6D23A596174CF72EBA170E56A6A82F02B62A775AF82EAAE288A9A6A8FFE2069F960856552E4C185F6FA41A96AAEFBB0D50DAB734DF6FBBD93B8926725AA70A774AF705E217B6D555537175CFE29002F7FB6654D59C1DC0B5151A53C14DE2022D4552177C1D2562077B55575457217D6B4D5C85D0EC92A1A667B93173387F1D634FE4EF98AD15DAAA6DE4F0EC47B1D839C902D71B25D9C91E9C6B7566AF62ADBDAB7BF291574F63A79E4A24D0BB81E85991D34E39DD5340E765D2B4A1607C3DEA76ABF799DE2A1942656B9D1FBAD48DC65116243A6CFFF55EDE10154CB2812D4F75F61B86B5DD37DDB3BF05A18BB3AC20353B6BC6C61FFD582BB5636DDB7BF035736AB9AC003D3B57DDD9F7BD634E32BF4A0144D136DAE7696FFD66A5D633794DE0EA4230DE9B246D1742BEDE8A2906D1F80075711E1BB69F1D694CA09C43D55D7D165E65D3D16941E7DF6BD743EF2564CABB24747F6B779D4852F3A62D579A225580DD113D557DC88842BB59708D6920B14848A5E031A921D48A4A411CD4BB39367EE77360A341FD34C56530BD7443B77431A69E7639A696B2ACCF651A5A9ACF15255DFB65CA74DE515EFA92A935B494B1170DBD3A931EFEF3D15610E2214CE7A34F96BEFA7E6721091ECC374AA8B60901A4BF1CA692C7F1C4AA0C39451CA0955D44DA9FDBFB2507F29469B0A82E58961E8720E4A39862DB7F096048E8A2142BCF41612E051EFE53C22680D5C42BBD927A8F4EFB8A55174F6217405BD6B7C9F906D42E89261B0F2B9F033F3B79AE8A7B5A23CCFB3FB2DFB150FB104CA26629FEEEEF1E704F95EC9F7952242AB81608E5CFE7D85ED2561DF5936AF25D25D880D8172F195FEE7230CB63E058BEFF1123CC32EBC51D5BB811BE0BE56F1781D48FB46F0629F5D20B0894010E718D57CFA93EAB017BCFCF83F2DDA114B9C680000, N'6.1.3-40302')
GO
INSERT [dbo].[__MigrationHistory] ([MigrationId], [ContextKey], [Model], [ProductVersion]) VALUES (N'201506190211484_AutomaticMigration', N'LRADPortal.Models.ApplicationDbContext', 0x1F8B0800000000000400DD5D596FE4B8117E0F90FF20F4531278BB7D640613A37B179EB6BD6BC417A63D8BBC0DD812BB4D8C44F54A94D746905F9687FCA4FC8590BA7949A4A43E1C2CB0B0797C552C5691C55295E7BFFFFECFF4A7D7C0775E6014A310CF4627E3E39103B11B7A08AF67A384AC7EF834FAE9C73FFE617AE505AFCEAFC5B833368ECEC4F16CF44CC8E67C3289DD671880781C20370AE37045C66E184C80174E4E8F8FFF36393999400A31A2588E33FD9260820298FE427F9D87D8851B9200FF2EF4A01FE7EDB46791A23AF72080F106B87036BAFD7271F9184604F8E36CF0C8B9F011A08C2CA0BF1A3900E3900042D93CFF1AC3058942BC5E6C6803F09FDE36908E5B013F8639FBE7D570D3951C9FB2954CAA8905949BC4240C2C014FCE72D14CC4E99D043C2A4547857745854CDED8AA5301CE46371E4C9BBE843E158048F07CEE476CF06C745792B88837F7908C8B89E30CF23AA270BF87D1F7711DF1C8319E7754AAD2E9F898FD77E4CC139F24119C61989008F847CE63B2F491FB77F8F6147E87787676B25C9D7DFAF01178671FFF0ACF3ED4574AD74AC7710DB4E9310A3730A2BCC155B9FE9133E1E74DC489E5B4DA9C4C2A5497A8558C9C3BF07A0BF19A3C537B39FD3472AED12BF48A965CB9BE62448D884E2251427FBD4F7C1F2C7D58F64F1A69B2FF37503DFDF07110AAF7E005ADD3AD17E853C389A85D7D817EDA1B3FA34D665EDC7E7FCB875D4761C07EE7F52BEBFDB60893C8658B09B5439E40B48684E76E3AA994D748A519D4F06A5DA01EBE6A334E65F5560E650BEA620905895D5B43C1EF76E91A6B5C2A06BC0A9B344DBAA4C6C5AC23A7EAAB54E5C45455305D4227F5405D361C9552FF39613F5B6EDC358A62D272967D38DE86CADC823D11BE70611CDFC217E817A43FBF117B980555A824EE05F144FDAB79040181E5265ED25F5873DB54A6AB1DA7B23154E3D10A75236B36D7D8562F361B6A3DA97132743B931526EFC972DF8BCF721500E40FE0B41850A1CF85158A824A4B3E87F48A00D89AE74710C7F4CEF67E01F17303EBF4C701585F403789A87A52DB0E365BA7F6F81C62789F044BA6F5BBA335D8D63CFD1E5E039784D11566B37AE3DD86EEF7302157D86347CA57E2DA9E4E25C020EC5CB8ECA2B8A6CA0CBD79485FC305E00D2667A7D670EC7CDAF7A361EE0314A85F0DC249FAAD185ABD1CD423A4D7836698EA05D1C4EA6DB846D88CD562A89ED56C442BABF9305B56199819A7F9483DA3E980563EB351B66C564EB101A7D5603DB3C598567ECB81833D2353A51AFE1D99C21EFE43B29FBFA13BBE6A625CD0431DFE0C318C9883F908088111AE76C0E4A8DB877F936E1F23BAF5EB34A5F42BF093A14975B286F4DC1ADE1A52D8C3B786944DDAFC823CE6481944578AC114DE68BC3A70D36E730267BB36076E99BB26BE9B3340672E17711CBA28B502455C3D8F8AF2FC53B7D3690F9166AB11C3AC746154D111BBF5680B5DDB4854AA077C097D48A073E166DF1DE6207681278B912EC8B360ACB851158C55E1569EB9BF4834A9A6C3884D02ECDD16534B4598C86681B08B36C06F959230D3F00A636B2F69883D9770033123D82A0913E2EAE82A63A0A4236C4A9B84A6939AC6352BA2C6D1D6ED799BD75DEDBB1448D9894EB6B8FB1ABDCCFDB7AD2866B3C476A09CCD22316140FBA5601F0A9A3FAF4C15407C6B1D9A820A8F3C8D82E62ED54E149497D81E149417C9BB53D0EC556DBAFFC213FBD0D4937FDBEFFE5A6F14D71E749393C7BB53CD328C62BAFD724CC5584165053020A350B42AF4B32D03D00A3473E6E92610BA053092857AB9649DF095285EBB94EFFCC11BE76F07511A0C7C01091FB6AB1E104AC75E12290F225A65136065B92DA0D50E4858559701868A1949892C1658C4841B5798BB7616B045FCB61136BF9005D89A1EC9D8F50498DA407D9A8CA8DF464FC27265A54649278FD10BAE86A3502AD1A0F8851B084517DF970563F240B179A2D416966F4683805A9E131A21158B195C4A856AB64B49E525DBF8C9BDA424F8B41A29158B195C4AB98EB60B49E1A959F86ABD44C4FB553B36B6EAD46E9791DA65B0731A7A494AF20D0434E5F5A3975111A22B6FF5B26F3AC95287F386E94493633CBD039B0DC2EB5ACE71DEE22CB284E3F90F0BFB54DC20C398B8B12223B7E4B6A444C208ACA1D04B49534ED324AA4B40C012B000E5DC0BA4614A1F4673451624EB6E8ABC7DC55D598C663FE76167294D86736964273A87B8A60B0C98279E7EFE5198887ABAC352C0810F22C517A779E82701D63F0CF4B3B34FE5F5F9598B8C309D08FC4B8EBF242CC93BE5256FB42FF2B931CC1E955E62F77DD243E8A45D3C9AEAF2D63DA4F428455CB58EA28BB5EE6DDF1ACE579BEDD2C1186C937EAA767B90B83772AE68D3FC5A96671DA5D66C8E55E56DD6A1AA5673A47A22661DABDE6E8E56E463D6918A3673142E25B30EC57598E371799AA27575C0E393374506AB1E3B0ED5887CCF411970DFC3567C05DB1B712BC276AEC53C85B30E90375962D4B20025B05A9F392A9FA859C7E47B2C2C9ACFC6E40C9BEFB2E0B29E73C93159EFE884A791A87A8485C54B59969CD54BBD1627B99C6FC91DE97277076C05CF629FCD8D21A564F21787D46D770ECAF75AD57A30E79F22F0319CE79945EFFAB99E1A8CED1C88C378AEB5CCB13A50ADD9122BCF0D93C0F2F68354266D08ABAB326531DB7ECAA4C1D09F3B5CCA157FEC34E689E931B93C2AEE686FCA23D3E3D9A9ECB615830FDCF0DAA18F63593857B559964E140B528937404BB04A169FE183AAC051BEACD20F5805440F26B59F513B1F8C7ACEC4909CBCF952644E1C52AA5E19A1132271D33C2AD6FE2701A430593664E41436447DBAB798C060CC068C17BFF9731F4176831703EE00462B18932C7174747A7CFC49F8B3028753E23F8963CF5744157575FEFCC6ED20071CBF80C87D06919C91D9A30CBE0295BECDDE600FBECE46FF4C679DA78167F653DA7CE4DCC45F31FA2DA11D4F51029D7FC94531C3940537C7C70EB488DB5CAA37FFC84E1AEFC87988A8C59C3BC7822CBBEC305FDA6DC54D36B50737F605DF5D76B467DD7592EA2E4A756B85986BD1B7065B699DAC18BA6789F550B872053541F80DB1D3BA5711755714451DB5477F2169C960856552D8C185E5FA41A9EAACFBB0D50DAB731DF6FBBD93B8326725AA70A774AF6A5E227B6D555534175CFE2900AF7FB6654D59B5DC0B5151993C14DE2022D4551E77C1D2561D77B55575157217D6B415C85D0EC92A92657B93173387F1D634FE4EF9F6D25DAAA6DE4F0EC47B1DC3FB8F8A20D72E0EC974E75BCB337BD56AEDDBE194AA387B1D3D72A5A6055C8F6ACC0E9AF1CE0A1907BBAF15758A8361EF53B5B75E9C7828F5885562F37ECB10775979D890A6F37F5570780025328AECF2FD9715EE5AD7741FE60EBC00C6AE78F0C0942DAF39D87F89E0AE954DF7E1EEC095CDAA10F0C0746D5FF7E79E35CDF80A3D2845D3849BAB9DE53F94EEACB06E287D1F48B71A72648DC2F0565AD54591DBBEFA0EAE5AC207D7E28D2AD510887BAA2E9ECB8E85EA91A17C09641F5A67236FC9B4317BAC647FC8475DEDA223569D435A82D5103D517D998D48B8321789602DA34041A8E835A021D981444A1AD1BC343B79E6FE6AA340F331CD643505704DB473F7A591763EA699B6A6AC6C1FA599CAC22E55C96DCB35DC5453F19E4A31B995B454FEB63DB91A93FDDE53E5E52042E1AC4793B4F67E0A2D0711C93E4CA7BA080629AC14AF9CC69AC7A1043A4CEDA49C8945DD94DA3FE142FDA518AD2B08F60FBA60E8720E4A39862DB7F096048E8A21429CF50E12E051EFE5222268055C42BBD9B7ABF48FBEA5D177F6057509BD1BFC90904D42E89261B0F4B9B035F3B79AE8A705A23CCFD3870DFB2D1E6209944DC4BEF93DE0CF09F2BD92EF6B45645703C11CB9FCBB0CDB4BC2BECFACDF4AA4FB101B02E5E22BFDCF27186C7C0A163FE00578815D78A3AA770BD7C07DABE2F83A90F68DE0C53EBD44601D8120CE31AAF9F457AAC35EF0FAE3FF003C7C81ECC9680000, N'6.1.3-40302')
GO
INSERT [dbo].[Area] ([Uid], [UpperLeftLatitude], [UpperLeftLongitude], [LowerRightLatitude], [LowerRightLongitude], [TimeCreated], [UserCreated], [TimeModified], [UserModified], [Name], [CenterLatitude], [CenterLongitude], [Zoom]) VALUES (N'61cc9a6b-24c0-48d6-8af9-03b9197b7471', 32.73758, -117.254396, 32.678214, -117.158867, CAST(N'2009-12-01 00:00:00.000' AS DateTime), N'a137889d-edc1-44d4-bdb2-00f43b38e349', CAST(N'2015-06-16 13:46:22.393' AS DateTime), N'a137889d-edc1-44d4-bdb2-00f43b38e349', N'SD Bay', 32.720503, -117.215179, 12)
GO
INSERT [dbo].[Area] ([Uid], [UpperLeftLatitude], [UpperLeftLongitude], [LowerRightLatitude], [LowerRightLongitude], [TimeCreated], [UserCreated], [TimeModified], [UserModified], [Name], [CenterLatitude], [CenterLongitude], [Zoom]) VALUES (N'1ef254a6-5332-4dd4-9fb7-2933c23b49c5', 32.8638669, -117.1932973, 32.8045009, -117.0977683, CAST(N'2015-08-14 14:32:10.347' AS DateTime), N'a137889d-edc1-44d4-bdb2-00f43b38e349', CAST(N'2015-08-14 14:32:10.347' AS DateTime), N'a137889d-edc1-44d4-bdb2-00f43b38e349', N'Test 1', 32.8341839, -117.1455328, 18)
GO
INSERT [dbo].[Area] ([Uid], [UpperLeftLatitude], [UpperLeftLongitude], [LowerRightLatitude], [LowerRightLongitude], [TimeCreated], [UserCreated], [TimeModified], [UserModified], [Name], [CenterLatitude], [CenterLongitude], [Zoom]) VALUES (N'9e8ca0f7-6370-49b0-8258-3775757201f5', 32.995652, -117.328529, 32.906376, -117.126486, CAST(N'2010-03-11 00:00:00.000' AS DateTime), N'a137889d-edc1-44d4-bdb2-00f43b38e349', CAST(N'2015-06-16 15:32:40.197' AS DateTime), N'a137889d-edc1-44d4-bdb2-00f43b38e349', N'Del Mar', 32.959677, -117.264792, 12)
GO
INSERT [dbo].[Area] ([Uid], [UpperLeftLatitude], [UpperLeftLongitude], [LowerRightLatitude], [LowerRightLongitude], [TimeCreated], [UserCreated], [TimeModified], [UserModified], [Name], [CenterLatitude], [CenterLongitude], [Zoom]) VALUES (N'36093ad6-2c6a-4852-ae3c-4a5981b87cac', 32.8785606, -117.1610622, 32.8633499, -117.1637873, CAST(N'2013-12-12 00:00:00.000' AS DateTime), N'a137889d-edc1-44d4-bdb2-00f43b38e349', CAST(N'2015-06-16 15:46:08.783' AS DateTime), N'a137889d-edc1-44d4-bdb2-00f43b38e349', N'Miramar', 32.875419, -117.14886, 12)
GO
INSERT [dbo].[Area] ([Uid], [UpperLeftLatitude], [UpperLeftLongitude], [LowerRightLatitude], [LowerRightLongitude], [TimeCreated], [UserCreated], [TimeModified], [UserModified], [Name], [CenterLatitude], [CenterLongitude], [Zoom]) VALUES (N'7c16bbe4-6682-457d-b2dd-9d816aa0604f', 32.742146, -117.247978, 32.8633499, -117.1637873, CAST(N'2012-10-01 00:00:00.000' AS DateTime), N'd347f6ce-0918-4793-b2a9-aae1df01dfb3', CAST(N'2015-06-16 16:04:28.367' AS DateTime), N'd347f6ce-0918-4793-b2a9-aae1df01dfb3', N'South Bay', 32.643077, -117.138945, 12)
GO
INSERT [dbo].[Area] ([Uid], [UpperLeftLatitude], [UpperLeftLongitude], [LowerRightLatitude], [LowerRightLongitude], [TimeCreated], [UserCreated], [TimeModified], [UserModified], [Name], [CenterLatitude], [CenterLongitude], [Zoom]) VALUES (N'e194d65f-be5e-430a-b581-c77fe516f709', 33.250867, -117.420658, 33.148148, -117.215574, CAST(N'2013-10-10 00:00:00.000' AS DateTime), N'd347f6ce-0918-4793-b2a9-aae1df01dfb3', CAST(N'2015-06-16 16:10:40.640' AS DateTime), N'd347f6ce-0918-4793-b2a9-aae1df01dfb3', N'Camp Pendleton', 33.230562, -117.378939, 12)
GO
INSERT [dbo].[AspNetUsers] ([Id], [Email], [EmailConfirmed], [PasswordHash], [SecurityStamp], [PhoneNumber], [PhoneNumberConfirmed], [TwoFactorEnabled], [LockoutEndDateUtc], [LockoutEnabled], [AccessFailedCount], [UserName], [UserInfo_Uid]) VALUES (N'15793ad5-5571-4c12-a30b-5500ba2d1a1c', N'Test8@test.com', 0, N'APFHzuzSSyepYVXyYdeJ6EgSw5esJDuW/nPzacwBoFxEj7gPACX+41qj59EbnQGkiA==', N'32766e78-fd79-4f34-b829-7428c5af0baf', N'858-456-7895', 0, 0, NULL, 0, 0, N'Test8@test.com', N'72d0bdcd-1adc-4b45-90e9-69a1758fe1e1')
GO
INSERT [dbo].[AspNetUsers] ([Id], [Email], [EmailConfirmed], [PasswordHash], [SecurityStamp], [PhoneNumber], [PhoneNumberConfirmed], [TwoFactorEnabled], [LockoutEndDateUtc], [LockoutEnabled], [AccessFailedCount], [UserName], [UserInfo_Uid]) VALUES (N'201e5283-0e22-44dc-bc92-6c9ae59af155', N'Test4@yahoo.com', 0, N'AJ/llU8sdcv1/pm9OhS6PdCydkwVjbsCVuFuqhuREtjZKLlp7t7IDu4w+jQRFTl1HQ==', N'69d486bc-465d-456a-831b-5cadbe489be7', N'858-456-8958', 0, 0, NULL, 0, 0, N'Test4@yahoo.com', N'6c3d0fc0-33b1-4af8-8256-0b99b38a36d0')
GO
INSERT [dbo].[AspNetUsers] ([Id], [Email], [EmailConfirmed], [PasswordHash], [SecurityStamp], [PhoneNumber], [PhoneNumberConfirmed], [TwoFactorEnabled], [LockoutEndDateUtc], [LockoutEnabled], [AccessFailedCount], [UserName], [UserInfo_Uid]) VALUES (N'50effb8e-544c-4df5-bf11-18d69cd19607', N'Test9@test.com', 0, N'ANVbbfb8vilrN6moaqbbFUWjbmPOl93+nbdSM4CLgigwlhe5Ox2ogQO4A7IJx2SZIA==', N'40699431-8c9c-4c70-8823-8e2a5db6c13b', N'858-2582-5258', 0, 0, NULL, 0, 0, N'Test9@test.com', N'31f75276-9174-4126-a9e2-2d76b7c3746a')
GO
INSERT [dbo].[AspNetUsers] ([Id], [Email], [EmailConfirmed], [PasswordHash], [SecurityStamp], [PhoneNumber], [PhoneNumberConfirmed], [TwoFactorEnabled], [LockoutEndDateUtc], [LockoutEnabled], [AccessFailedCount], [UserName], [UserInfo_Uid]) VALUES (N'56e90757-bebb-4c99-ad35-568ffe863115', N'Test7@Test7.com', 0, N'ACpK10/P0Yadg0j1BXYqhjMSE7UPQwp9kxU193BUHCU+KFSEH/v4Jcaj8PC2DHkrPA==', N'b7769a18-587a-46b5-860d-43e550fb9ca0', N'895765', 0, 0, NULL, 0, 0, N'Test7@Test7.com', N'3cea50ee-d1f8-4673-b0f8-6a75050227dd')
GO
INSERT [dbo].[AspNetUsers] ([Id], [Email], [EmailConfirmed], [PasswordHash], [SecurityStamp], [PhoneNumber], [PhoneNumberConfirmed], [TwoFactorEnabled], [LockoutEndDateUtc], [LockoutEnabled], [AccessFailedCount], [UserName], [UserInfo_Uid]) VALUES (N'73d5b625-bf72-4c28-a61c-05e4e2b2e006', N'test3@teste.com', 0, N'AJwaDMMQBkCshdFZx7ZYXxtcywuGzAJfehvqQ25eToZbGikQFwpbUhKujL2vY3aOzg==', N'52887e25-ce8a-4782-b087-0a6eeb4393ae', N'8581658585', 0, 0, NULL, 0, 0, N'Test3Name', N'31aa8ade-90b2-49ea-b569-66f12778d358')
GO
INSERT [dbo].[AspNetUsers] ([Id], [Email], [EmailConfirmed], [PasswordHash], [SecurityStamp], [PhoneNumber], [PhoneNumberConfirmed], [TwoFactorEnabled], [LockoutEndDateUtc], [LockoutEnabled], [AccessFailedCount], [UserName], [UserInfo_Uid]) VALUES (N'7b00e9a7-0135-4fe9-87a3-143b4e8c678d', N'ismail.khassib@gmail.com', 0, N'AAwujhTIdvQO2Hb8HWctIIiK8F9EZNdv9tluLbglCGlnGU514ZluqXmnfmoY8YimJQ==', N'f206abcd-d284-448c-827f-07e03c439a2e', N'5106666666', 0, 0, NULL, 0, 0, N'ismail.khassib@gmail.com', N'5cc32d6c-32ea-4335-af48-cb11fac36eec')
GO
INSERT [dbo].[AspNetUsers] ([Id], [Email], [EmailConfirmed], [PasswordHash], [SecurityStamp], [PhoneNumber], [PhoneNumberConfirmed], [TwoFactorEnabled], [LockoutEndDateUtc], [LockoutEnabled], [AccessFailedCount], [UserName], [UserInfo_Uid]) VALUES (N'7d95af8f-a938-481c-9961-18fb78ec58ec', N'test5@tete.com', 0, N'AMwU1Fpif0FMT7M2IJENvfMCa/xGvb5Mm2K8EmBeBGlHKNqhORrZYFo7//1RveDGQw==', N'd63cb4ca-653e-4e71-a6ee-00069d78d220', N'00002822', 0, 0, NULL, 0, 0, N'test5Name', N'af1338c9-accb-4382-870d-bd07bfea20f7')
GO
INSERT [dbo].[AspNetUsers] ([Id], [Email], [EmailConfirmed], [PasswordHash], [SecurityStamp], [PhoneNumber], [PhoneNumberConfirmed], [TwoFactorEnabled], [LockoutEndDateUtc], [LockoutEnabled], [AccessFailedCount], [UserName], [UserInfo_Uid]) VALUES (N'a137889d-edc1-44d4-bdb2-00f43b38e349', N'michael@odysseyinc.com', 0, N'AG20gfgf0xY538d3IDwHUAKWc8EgDHZsRgOIHn8fS54n+Kb0sbr2hR9AloWvWIN9qA==', N'1123d024-82b5-42f6-abaa-f75daad45ef5', NULL, 0, 0, NULL, 0, 0, N'michael@odysseyinc.com', N'e917d68d-5eed-41a5-a8f5-1e254301edf1')
GO
INSERT [dbo].[AspNetUsers] ([Id], [Email], [EmailConfirmed], [PasswordHash], [SecurityStamp], [PhoneNumber], [PhoneNumberConfirmed], [TwoFactorEnabled], [LockoutEndDateUtc], [LockoutEnabled], [AccessFailedCount], [UserName], [UserInfo_Uid]) VALUES (N'b4758e15-a355-4cc0-801a-1f8afb2de3bc', N'test6@test6.com', 0, N'AGNnC74cZtKSSTxyCmcXbNCPdAytS+EkcMGrFPegCsSueQM6Umv3a87k/ZpRXfQ3kg==', N'282ea2c4-b372-4df2-a2af-a2ceb5151d2f', N'87865465', 0, 0, NULL, 0, 0, N'test6@test6.com', N'3a2eae07-dea3-4aea-85e0-9039a39b7f31')
GO
INSERT [dbo].[AspNetUsers] ([Id], [Email], [EmailConfirmed], [PasswordHash], [SecurityStamp], [PhoneNumber], [PhoneNumberConfirmed], [TwoFactorEnabled], [LockoutEndDateUtc], [LockoutEnabled], [AccessFailedCount], [UserName], [UserInfo_Uid]) VALUES (N'b906c911-cca5-422d-a4af-7841ea2a4b0b', N'test1@test.com', 0, N'AC8tQsGizdHqqycL9qMFjJ8L2p8anDLyVBC3fuasUoqLIM1TaGdUD0aSL5+Y6ElLvA==', N'dbfcdfcf-16e3-4127-9f93-db97b8b0eca7', N'78925698', 0, 0, NULL, 0, 0, N'Test1', N'0abd44c5-3f89-4439-ac0e-b1751fe1aab5')
GO
INSERT [dbo].[AspNetUsers] ([Id], [Email], [EmailConfirmed], [PasswordHash], [SecurityStamp], [PhoneNumber], [PhoneNumberConfirmed], [TwoFactorEnabled], [LockoutEndDateUtc], [LockoutEnabled], [AccessFailedCount], [UserName], [UserInfo_Uid]) VALUES (N'cbeccfca-4df7-47db-8b61-397978ca6f0d', N'Test10@test.com', 0, N'ACSU2b2EhtpkrzDXRCtMuq44wRvAIsK0RMANq+uaGm8ex2hZGZYI/3sFjXzJl9bgPg==', N'ce03badc-615f-471c-8917-d1e30076d976', N'8587985865', 0, 0, NULL, 0, 0, N'Test10@test.com', N'ef6542cc-27fb-4e51-b247-c920352bf529')
GO
INSERT [dbo].[AspNetUsers] ([Id], [Email], [EmailConfirmed], [PasswordHash], [SecurityStamp], [PhoneNumber], [PhoneNumberConfirmed], [TwoFactorEnabled], [LockoutEndDateUtc], [LockoutEnabled], [AccessFailedCount], [UserName], [UserInfo_Uid]) VALUES (N'd3426b4c-06c1-4024-bb54-ab195ff8b94d', N'nlopez@lradx.com', 0, N'AI2GTQjnHSRyjq/Hkyc0+CpD9LHBvf9Vb1XbyRB/EdMFaw56rVDFrybAq1k+SL7PMg==', N'83c3416e-dead-4fa2-a70f-caa850d71017', NULL, 0, 0, NULL, 0, 0, N'nlopez@lradx.com', N'6d9d341d-ab26-42f5-a6e6-d6c1a0c9bddb')
GO
INSERT [dbo].[AspNetUsers] ([Id], [Email], [EmailConfirmed], [PasswordHash], [SecurityStamp], [PhoneNumber], [PhoneNumberConfirmed], [TwoFactorEnabled], [LockoutEndDateUtc], [LockoutEnabled], [AccessFailedCount], [UserName], [UserInfo_Uid]) VALUES (N'd347f6ce-0918-4793-b2a9-aae1df01dfb3', N'tianxu0836@gmail.com', 0, N'ANG+ETHlDLzi/GDSzpn4Vi8+R6MVD39AUKw+6Gk+h4NgVKEFbVqXoDAmRs3/XlNf+A==', N'e82f14e5-81a5-412b-9549-a800526f157a', N'5106907363', 0, 0, NULL, 0, 0, N'tianxu0836@gmail.com', N'657368a9-55d9-4a66-8624-0f19ca7d80c9')
GO
INSERT [dbo].[Sound] ([Uid], [Name], [Type], [Description], [Filename], [Text], [TimeCreated], [UserCreated], [TimeModified], [UserModified]) VALUES (N'9415076c-783b-4970-861f-08df6ec80752', N'General File 06                                   ', 0, N'                                                                                                                                                                                                                                                                ', N'GeneralFile06.mp3                                                                                                                                                                                                                                               ', NULL, CAST(N'2010-10-10 00:00:00.000' AS DateTime), N'12-01-2009', CAST(N'2015-08-05 08:13:03.960' AS DateTime), N'Aug  5 2015  8:13AM')
GO
INSERT [dbo].[Sound] ([Uid], [Name], [Type], [Description], [Filename], [Text], [TimeCreated], [UserCreated], [TimeModified], [UserModified]) VALUES (N'376bb892-06bc-4cc6-bf65-189cd6590623', N'Emergency File 05                                 ', 1, N'Description for Emergency File 5                                                                                                                                                                                                                                ', N'EmergencyFile05.mp3                                                                                                                                                                                                                                             ', NULL, CAST(N'2008-08-09 00:00:00.000' AS DateTime), N'12-01-2009', CAST(N'2015-08-05 08:18:21.900' AS DateTime), N'Aug  5 2015  8:18AM')
GO
INSERT [dbo].[Sound] ([Uid], [Name], [Type], [Description], [Filename], [Text], [TimeCreated], [UserCreated], [TimeModified], [UserModified]) VALUES (N'be8749ba-9c25-4014-b24f-1dee8942aa4b', N'General File 03                                   ', 0, N'                                                                                                                                                                                                                                                                ', N'GeneralFile03.mp3                                                                                                                                                                                                                                               ', NULL, CAST(N'2010-12-02 00:00:00.000' AS DateTime), N'12-01-2009', CAST(N'2015-08-05 08:13:03.960' AS DateTime), N'Aug  5 2015  8:13AM')
GO
INSERT [dbo].[Sound] ([Uid], [Name], [Type], [Description], [Filename], [Text], [TimeCreated], [UserCreated], [TimeModified], [UserModified]) VALUES (N'c2822ea3-4dc2-43f9-b544-82c6f83d3fa9', N'Emergency File 06                                 ', 1, N'Description for Emergency File 6                                                                                                                                                                                                                                ', N'EmergencyFile06.mp3                                                                                                                                                                                                                                             ', NULL, CAST(N'2010-10-10 00:00:00.000' AS DateTime), N'12-01-2009', CAST(N'2015-08-05 08:18:21.900' AS DateTime), N'Aug  5 2015  8:18AM')
GO
INSERT [dbo].[Sound] ([Uid], [Name], [Type], [Description], [Filename], [Text], [TimeCreated], [UserCreated], [TimeModified], [UserModified]) VALUES (N'de5df9de-15db-425a-b318-8d095f7241d3', N'General File 01                                   ', 0, N'                                                                                                                                                                                                                                                                ', N'GeneralFile01.mp3                                                                                                                                                                                                                                               ', NULL, CAST(N'2009-12-01 00:00:00.000' AS DateTime), N'12-01-2009', CAST(N'2015-08-05 08:11:01.760' AS DateTime), N'Aug  5 2015  8:11AM')
GO
INSERT [dbo].[Sound] ([Uid], [Name], [Type], [Description], [Filename], [Text], [TimeCreated], [UserCreated], [TimeModified], [UserModified]) VALUES (N'bc7bcddd-defa-48bc-a2fd-9a3cd2e713bb', N'General File 05                                   ', 0, N'                                                                                                                                                                                                                                                                ', N'GeneralFile05.mp3                                                                                                                                                                                                                                               ', NULL, CAST(N'2008-08-09 00:00:00.000' AS DateTime), N'12-01-2009', CAST(N'2015-08-05 08:13:03.960' AS DateTime), N'Aug  5 2015  8:13AM')
GO
INSERT [dbo].[Sound] ([Uid], [Name], [Type], [Description], [Filename], [Text], [TimeCreated], [UserCreated], [TimeModified], [UserModified]) VALUES (N'a26677e7-c4cf-41cd-96a6-a270408d9d5b', N'Emergency File 04                                 ', 1, N'Description for Emergency File 4                                                                                                                                                                                                                                ', N'EmergencyFile04.mp3                                                                                                                                                                                                                                             ', NULL, CAST(N'2012-11-11 00:00:00.000' AS DateTime), N'12-01-2009', CAST(N'2015-08-05 08:18:21.900' AS DateTime), N'Aug  5 2015  8:18AM')
GO
INSERT [dbo].[Sound] ([Uid], [Name], [Type], [Description], [Filename], [Text], [TimeCreated], [UserCreated], [TimeModified], [UserModified]) VALUES (N'8c6998d3-12f6-4eef-9a02-b8f482dad2ba', N'Emergency File 02                                 ', 1, N'Description for Emergency File 2                                                                                                                                                                                                                                ', N'EmergencyFile02.mp3                                                                                                                                                                                                                                             ', NULL, CAST(N'2009-12-01 00:00:00.000' AS DateTime), N'12-01-2009', CAST(N'2015-08-05 08:18:21.900' AS DateTime), N'Aug  5 2015  8:18AM')
GO
INSERT [dbo].[Sound] ([Uid], [Name], [Type], [Description], [Filename], [Text], [TimeCreated], [UserCreated], [TimeModified], [UserModified]) VALUES (N'2999efdd-3b71-443b-937c-bb2becb85dab', N'Emergency File 03                                 ', 1, N'Description for Emergency File 3                                                                                                                                                                                                                                ', N'EmergencyFile03.mp3                                                                                                                                                                                                                                             ', NULL, CAST(N'2010-12-02 00:00:00.000' AS DateTime), N'12-01-2009', CAST(N'2015-08-05 08:18:21.900' AS DateTime), N'Aug  5 2015  8:18AM')
GO
INSERT [dbo].[Sound] ([Uid], [Name], [Type], [Description], [Filename], [Text], [TimeCreated], [UserCreated], [TimeModified], [UserModified]) VALUES (N'705c518a-5a6e-42bf-a3dc-c60930ed2f19', N'Emergency File 01                                 ', 1, N'Description for Emergency File 1                                                                                                                                                                                                                                ', N'EmergencyFile01.mp3                                                                                                                                                                                                                                             ', NULL, CAST(N'2009-12-01 00:00:00.000' AS DateTime), N'12-01-2009', CAST(N'2015-08-05 08:18:21.900' AS DateTime), N'Aug  5 2015  8:18AM')
GO
INSERT [dbo].[Sound] ([Uid], [Name], [Type], [Description], [Filename], [Text], [TimeCreated], [UserCreated], [TimeModified], [UserModified]) VALUES (N'988bac46-8a77-4e9e-8ddc-cd3f4d5fd3eb', N'General File 04                                   ', 0, N'                                                                                                                                                                                                                                                                ', N'GeneralFile04.mp3                                                                                                                                                                                                                                               ', NULL, CAST(N'2012-11-11 00:00:00.000' AS DateTime), N'12-01-2009', CAST(N'2015-08-05 08:13:03.960' AS DateTime), N'Aug  5 2015  8:13AM')
GO
INSERT [dbo].[Sound] ([Uid], [Name], [Type], [Description], [Filename], [Text], [TimeCreated], [UserCreated], [TimeModified], [UserModified]) VALUES (N'ccd07318-6f06-4e97-9c0f-edb6da8a99b4', N'General File 02                                   ', 0, N'                                                                                                                                                                                                                                                                ', N'GeneralFile02.mp3                                                                                                                                                                                                                                               ', NULL, CAST(N'2009-12-01 00:00:00.000' AS DateTime), N'12-01-2009', CAST(N'2015-08-05 08:13:03.960' AS DateTime), N'Aug  5 2015  8:13AM')
GO
INSERT [dbo].[SoundSpeakerGroup] ([Uid], [SoundUid], [SpeakerUid], [SpeakerGroupUid]) VALUES (N'7641226d-f3ee-4e7f-b8ff-5342388747f1', N'ccd07318-6f06-4e97-9c0f-edb6da8a99b4', NULL, N'01da2294-2632-4c43-a06f-7ec3518a91e2')
GO
INSERT [dbo].[SoundSpeakerGroup] ([Uid], [SoundUid], [SpeakerUid], [SpeakerGroupUid]) VALUES (N'24d9b79c-4579-4481-9881-5eba17cd9ea4', N'705c518a-5a6e-42bf-a3dc-c60930ed2f19', NULL, N'01da2294-2632-4c43-a06f-7ec3518a91e2')
GO
INSERT [dbo].[SoundSpeakerGroup] ([Uid], [SoundUid], [SpeakerUid], [SpeakerGroupUid]) VALUES (N'2d7d1249-c776-4aa3-abb4-7264aac4bfb9', N'988bac46-8a77-4e9e-8ddc-cd3f4d5fd3eb', NULL, N'01da2294-2632-4c43-a06f-7ec3518a91e2')
GO
INSERT [dbo].[SoundSpeakerGroup] ([Uid], [SoundUid], [SpeakerUid], [SpeakerGroupUid]) VALUES (N'ae329f69-65f1-4551-9d2c-777c6bd845d6', N'ccd07318-6f06-4e97-9c0f-edb6da8a99b4', NULL, N'dcb37079-05f7-4439-a59f-19d7fd78d03a')
GO
INSERT [dbo].[SoundSpeakerGroup] ([Uid], [SoundUid], [SpeakerUid], [SpeakerGroupUid]) VALUES (N'18a1fcba-a4ba-46e3-be55-7ae474bcbbe5', N'376bb892-06bc-4cc6-bf65-189cd6590623', NULL, N'dcb37079-05f7-4439-a59f-19d7fd78d03a')
GO
INSERT [dbo].[SoundSpeakerGroup] ([Uid], [SoundUid], [SpeakerUid], [SpeakerGroupUid]) VALUES (N'91e4433f-260a-4459-97a2-7fd367ead1cd', N'a26677e7-c4cf-41cd-96a6-a270408d9d5b', NULL, N'01da2294-2632-4c43-a06f-7ec3518a91e2')
GO
INSERT [dbo].[SoundSpeakerGroup] ([Uid], [SoundUid], [SpeakerUid], [SpeakerGroupUid]) VALUES (N'6cbc61ab-5455-4409-b89d-9f28d4b53f5c', N'2999efdd-3b71-443b-937c-bb2becb85dab', NULL, N'dcb37079-05f7-4439-a59f-19d7fd78d03a')
GO
INSERT [dbo].[SoundSpeakerGroup] ([Uid], [SoundUid], [SpeakerUid], [SpeakerGroupUid]) VALUES (N'5e0232a4-742e-4b92-9fba-a0b8626ab52f', N'a26677e7-c4cf-41cd-96a6-a270408d9d5b', NULL, N'dcb37079-05f7-4439-a59f-19d7fd78d03a')
GO
INSERT [dbo].[SoundSpeakerGroup] ([Uid], [SoundUid], [SpeakerUid], [SpeakerGroupUid]) VALUES (N'8a43a9f2-5b38-4aad-b3bd-a0ea6dc0cea2', N'bc7bcddd-defa-48bc-a2fd-9a3cd2e713bb', NULL, N'dcb37079-05f7-4439-a59f-19d7fd78d03a')
GO
INSERT [dbo].[SoundSpeakerGroup] ([Uid], [SoundUid], [SpeakerUid], [SpeakerGroupUid]) VALUES (N'18d6f454-4fbd-4934-b16b-dc2c8dbaa6b3', N'9415076c-783b-4970-861f-08df6ec80752', NULL, N'01da2294-2632-4c43-a06f-7ec3518a91e2')
GO
INSERT [dbo].[SoundSpeakerGroup] ([Uid], [SoundUid], [SpeakerUid], [SpeakerGroupUid]) VALUES (N'9be7c811-3f60-4b97-bf4e-fddde9ac4a25', N'de5df9de-15db-425a-b318-8d095f7241d3', NULL, N'dcb37079-05f7-4439-a59f-19d7fd78d03a')
GO
INSERT [dbo].[Speaker] ([Uid], [SpeakerGroupUid], [IPAddress], [SatelliteID], [Type], [GeneralVolume], [EmergencyVolume], [Latitude], [Longitude], [TimeCreated], [UserCreated], [TimeModified], [UserModified], [Name]) VALUES (N'276f3629-b27c-4f25-b114-06577a70e568', N'2b1fc771-9604-41b6-80f8-cb8ecb8e8d1a', NULL, N'2                                                 ', NULL, 0.5, NULL, 32.875889, -117.195852, CAST(N'2010-04-09 00:00:00.000' AS DateTime), NULL, CAST(N'2015-06-16 16:01:28.857' AS DateTime), NULL, N'SP2')
GO
INSERT [dbo].[Speaker] ([Uid], [SpeakerGroupUid], [IPAddress], [SatelliteID], [Type], [GeneralVolume], [EmergencyVolume], [Latitude], [Longitude], [TimeCreated], [UserCreated], [TimeModified], [UserModified], [Name]) VALUES (N'70d90978-6da2-464c-9eb5-0bdcafe8397b', N'01da2294-2632-4c43-a06f-7ec3518a91e2', N'192.168.1.22                                      ', N'                                                  ', N'LRAD 500X                                         ', 0.43, 0.22, NULL, NULL, CAST(N'2015-09-29 14:47:09.510' AS DateTime), N'd347f6ce-0918-4793-b2a9-aae1df01dfb3', CAST(N'2015-09-29 14:47:09.510' AS DateTime), N'd347f6ce-0918-4793-b2a9-aae1df01dfb3', N'test2')
GO
INSERT [dbo].[Speaker] ([Uid], [SpeakerGroupUid], [IPAddress], [SatelliteID], [Type], [GeneralVolume], [EmergencyVolume], [Latitude], [Longitude], [TimeCreated], [UserCreated], [TimeModified], [UserModified], [Name]) VALUES (N'243ae66d-00d4-4f7d-9cca-113392cc8813', N'01da2294-2632-4c43-a06f-7ec3518a91e2', N'                                                  ', N'                                                  ', N'LRAD 500X                                         ', 0, 0, NULL, NULL, CAST(N'2015-09-29 19:28:39.693' AS DateTime), N'd347f6ce-0918-4793-b2a9-aae1df01dfb3', CAST(N'2015-09-29 19:28:39.693' AS DateTime), N'd347f6ce-0918-4793-b2a9-aae1df01dfb3', N'test686')
GO
INSERT [dbo].[Speaker] ([Uid], [SpeakerGroupUid], [IPAddress], [SatelliteID], [Type], [GeneralVolume], [EmergencyVolume], [Latitude], [Longitude], [TimeCreated], [UserCreated], [TimeModified], [UserModified], [Name]) VALUES (N'e14872a1-bd56-4be8-9222-11b131be6bef', N'01da2294-2632-4c43-a06f-7ec3518a91e2', N'192.168.11.11                                     ', N'                                                  ', N'LRAD 500X                                         ', 0.29, 0.39, NULL, NULL, CAST(N'2015-09-30 16:37:38.010' AS DateTime), N'd347f6ce-0918-4793-b2a9-aae1df01dfb3', CAST(N'2015-09-30 16:37:38.010' AS DateTime), N'd347f6ce-0918-4793-b2a9-aae1df01dfb3', N'test21')
GO
INSERT [dbo].[Speaker] ([Uid], [SpeakerGroupUid], [IPAddress], [SatelliteID], [Type], [GeneralVolume], [EmergencyVolume], [Latitude], [Longitude], [TimeCreated], [UserCreated], [TimeModified], [UserModified], [Name]) VALUES (N'a3e797a6-d975-46ff-900d-15f27101b005', N'22786653-fd1f-43c6-831e-e0e257dc6f74', NULL, N'4                                                 ', NULL, 0.5, NULL, 32.693236, -117.177503, CAST(N'2010-06-06 00:00:00.000' AS DateTime), NULL, CAST(N'2015-06-16 15:15:05.943' AS DateTime), NULL, N'SP4')
GO
INSERT [dbo].[Speaker] ([Uid], [SpeakerGroupUid], [IPAddress], [SatelliteID], [Type], [GeneralVolume], [EmergencyVolume], [Latitude], [Longitude], [TimeCreated], [UserCreated], [TimeModified], [UserModified], [Name]) VALUES (N'0fbc32b5-09bb-4a59-a7b1-17cece0f30c5', N'01da2294-2632-4c43-a06f-7ec3518a91e2', N'192.168.1.1                                       ', N'                                                  ', N'LRAD 500X                                         ', 0.16, 0.2, NULL, NULL, CAST(N'2015-09-29 13:47:17.760' AS DateTime), N'd347f6ce-0918-4793-b2a9-aae1df01dfb3', CAST(N'2015-09-29 13:47:17.760' AS DateTime), N'd347f6ce-0918-4793-b2a9-aae1df01dfb3', N'tes2')
GO
INSERT [dbo].[Speaker] ([Uid], [SpeakerGroupUid], [IPAddress], [SatelliteID], [Type], [GeneralVolume], [EmergencyVolume], [Latitude], [Longitude], [TimeCreated], [UserCreated], [TimeModified], [UserModified], [Name]) VALUES (N'477c6d93-ec52-41f2-b178-1d4932d022c9', N'0c62fc10-5e39-49d1-844a-91d977e0067f', NULL, N'3                                                 ', NULL, 0.3, NULL, 32.8756, -117.189758, CAST(N'2010-02-19 00:00:00.000' AS DateTime), NULL, CAST(N'2015-06-16 16:01:28.853' AS DateTime), NULL, N'SP3')
GO
INSERT [dbo].[Speaker] ([Uid], [SpeakerGroupUid], [IPAddress], [SatelliteID], [Type], [GeneralVolume], [EmergencyVolume], [Latitude], [Longitude], [TimeCreated], [UserCreated], [TimeModified], [UserModified], [Name]) VALUES (N'ec3dec84-b431-4cc1-bf7d-1ebe8f33fc5f', N'41b5be10-e956-4e63-b73b-7dfa13661a94', NULL, N'2                                                 ', NULL, 0.5, NULL, 32.724456, -117.221628, CAST(N'2010-05-05 00:00:00.000' AS DateTime), NULL, CAST(N'2015-06-16 15:09:58.410' AS DateTime), NULL, N'SP2')
GO
INSERT [dbo].[Speaker] ([Uid], [SpeakerGroupUid], [IPAddress], [SatelliteID], [Type], [GeneralVolume], [EmergencyVolume], [Latitude], [Longitude], [TimeCreated], [UserCreated], [TimeModified], [UserModified], [Name]) VALUES (N'2b016670-3aa7-42c4-8bec-24e1a2a90950', N'2b1fc771-9604-41b6-80f8-cb8ecb8e8d1a', NULL, N'3                                                 ', NULL, 0.4, NULL, 32.877979, -117.176626, CAST(N'2010-03-18 00:00:00.000' AS DateTime), NULL, CAST(N'2015-06-16 16:01:28.857' AS DateTime), NULL, N'SP3')
GO
INSERT [dbo].[Speaker] ([Uid], [SpeakerGroupUid], [IPAddress], [SatelliteID], [Type], [GeneralVolume], [EmergencyVolume], [Latitude], [Longitude], [TimeCreated], [UserCreated], [TimeModified], [UserModified], [Name]) VALUES (N'9449d544-4bdb-402a-bf0a-2815c3a645eb', N'01da2294-2632-4c43-a06f-7ec3518a91e2', N'                                                  ', N'                                                  ', N'LRAD 500X                                         ', 0, 0, NULL, NULL, CAST(N'2015-09-29 17:36:28.417' AS DateTime), N'd347f6ce-0918-4793-b2a9-aae1df01dfb3', CAST(N'2015-09-29 17:36:28.417' AS DateTime), N'd347f6ce-0918-4793-b2a9-aae1df01dfb3', N'test8')
GO
INSERT [dbo].[Speaker] ([Uid], [SpeakerGroupUid], [IPAddress], [SatelliteID], [Type], [GeneralVolume], [EmergencyVolume], [Latitude], [Longitude], [TimeCreated], [UserCreated], [TimeModified], [UserModified], [Name]) VALUES (N'aeb729b9-89b7-4bd2-93c7-33be74509372', N'ca70c562-aa28-44fc-a78b-cce461787d67', NULL, N'2                                                 ', NULL, 0.2, NULL, 32.662026, -117.158792, CAST(N'2010-03-25 00:00:00.000' AS DateTime), NULL, CAST(N'2015-06-16 15:18:11.560' AS DateTime), NULL, N'SP2')
GO
INSERT [dbo].[Speaker] ([Uid], [SpeakerGroupUid], [IPAddress], [SatelliteID], [Type], [GeneralVolume], [EmergencyVolume], [Latitude], [Longitude], [TimeCreated], [UserCreated], [TimeModified], [UserModified], [Name]) VALUES (N'89a9232f-fe0b-4e0d-b2be-374ee3bf5a41', N'2b1fc771-9604-41b6-80f8-cb8ecb8e8d1a', NULL, N'5                                                 ', NULL, 0.9, NULL, 32.880358, -117.159288, CAST(N'2010-03-09 00:00:00.000' AS DateTime), NULL, CAST(N'2015-06-16 16:01:28.857' AS DateTime), NULL, N'SP5')
GO
INSERT [dbo].[Speaker] ([Uid], [SpeakerGroupUid], [IPAddress], [SatelliteID], [Type], [GeneralVolume], [EmergencyVolume], [Latitude], [Longitude], [TimeCreated], [UserCreated], [TimeModified], [UserModified], [Name]) VALUES (N'15134000-89ed-49ba-8aca-381290169689', N'01da2294-2632-4c43-a06f-7ec3518a91e2', N'192.168.1.1                                       ', N'25                                                ', N'LRAD 500X                                         ', 0.18, 0.22, 168.2, 99.5, CAST(N'2015-09-29 13:46:29.430' AS DateTime), N'd347f6ce-0918-4793-b2a9-aae1df01dfb3', CAST(N'2015-09-29 13:46:29.430' AS DateTime), N'd347f6ce-0918-4793-b2a9-aae1df01dfb3', N'test1')
GO
INSERT [dbo].[Speaker] ([Uid], [SpeakerGroupUid], [IPAddress], [SatelliteID], [Type], [GeneralVolume], [EmergencyVolume], [Latitude], [Longitude], [TimeCreated], [UserCreated], [TimeModified], [UserModified], [Name]) VALUES (N'0914be1a-4c2a-491c-94de-38af9868def2', N'01da2294-2632-4c43-a06f-7ec3518a91e2', N'                                                  ', N'                                                  ', N'LRAD 500X                                         ', 0, 0, NULL, NULL, CAST(N'2015-09-29 19:19:43.530' AS DateTime), N'd347f6ce-0918-4793-b2a9-aae1df01dfb3', CAST(N'2015-09-29 19:19:43.530' AS DateTime), N'd347f6ce-0918-4793-b2a9-aae1df01dfb3', N'test334')
GO
INSERT [dbo].[Speaker] ([Uid], [SpeakerGroupUid], [IPAddress], [SatelliteID], [Type], [GeneralVolume], [EmergencyVolume], [Latitude], [Longitude], [TimeCreated], [UserCreated], [TimeModified], [UserModified], [Name]) VALUES (N'7a638728-a247-4439-b9ab-3f60aebbc995', N'517cf386-19ca-4513-9725-e5808205fd43', NULL, N'1                                                 ', NULL, 0.8, NULL, 32.948277, -117.260482, CAST(N'2011-04-19 00:00:00.000' AS DateTime), NULL, CAST(N'2015-06-16 15:42:31.593' AS DateTime), NULL, N'SP1')
GO
INSERT [dbo].[Speaker] ([Uid], [SpeakerGroupUid], [IPAddress], [SatelliteID], [Type], [GeneralVolume], [EmergencyVolume], [Latitude], [Longitude], [TimeCreated], [UserCreated], [TimeModified], [UserModified], [Name]) VALUES (N'999944ee-e274-49a9-b3e8-41d03897ec73', N'01da2294-2632-4c43-a06f-7ec3518a91e2', N'192.168.1.111                                     ', N'                                                  ', N'LRAD 500X                                         ', 0.5, 0.2, NULL, NULL, CAST(N'2015-09-29 17:56:35.883' AS DateTime), N'd347f6ce-0918-4793-b2a9-aae1df01dfb3', CAST(N'2015-09-29 17:56:35.883' AS DateTime), N'd347f6ce-0918-4793-b2a9-aae1df01dfb3', N'12')
GO
INSERT [dbo].[Speaker] ([Uid], [SpeakerGroupUid], [IPAddress], [SatelliteID], [Type], [GeneralVolume], [EmergencyVolume], [Latitude], [Longitude], [TimeCreated], [UserCreated], [TimeModified], [UserModified], [Name]) VALUES (N'250284bc-3ce1-4d88-9b81-425d744e4535', N'ca70c562-aa28-44fc-a78b-cce461787d67', NULL, N'1                                                 ', NULL, 0.8, NULL, 32.67691, -117.158277, CAST(N'2010-02-22 00:00:00.000' AS DateTime), NULL, CAST(N'2015-06-16 15:18:11.560' AS DateTime), NULL, N'SP1')
GO
INSERT [dbo].[Speaker] ([Uid], [SpeakerGroupUid], [IPAddress], [SatelliteID], [Type], [GeneralVolume], [EmergencyVolume], [Latitude], [Longitude], [TimeCreated], [UserCreated], [TimeModified], [UserModified], [Name]) VALUES (N'd0b60246-06a0-4a77-aed9-47105e6b570c', N'534c6bbe-68e9-4fac-83d2-4a27ec352a13', NULL, N'2                                                 ', NULL, 0.5, NULL, 32.881151, -117.154996, CAST(N'2010-04-16 00:00:00.000' AS DateTime), NULL, CAST(N'2015-06-16 16:01:28.853' AS DateTime), NULL, N'SP2')
GO
INSERT [dbo].[Speaker] ([Uid], [SpeakerGroupUid], [IPAddress], [SatelliteID], [Type], [GeneralVolume], [EmergencyVolume], [Latitude], [Longitude], [TimeCreated], [UserCreated], [TimeModified], [UserModified], [Name]) VALUES (N'3c2ad514-05b6-4863-9310-4c6a6479443f', N'ec4148fe-8beb-45ec-bf42-aa1dd9942211', NULL, N'2                                                 ', NULL, 0.5, NULL, 32.730161, -117.182746, CAST(N'2010-04-16 00:00:00.000' AS DateTime), NULL, CAST(N'2015-06-16 16:09:27.323' AS DateTime), NULL, N'SP2')
GO
INSERT [dbo].[Speaker] ([Uid], [SpeakerGroupUid], [IPAddress], [SatelliteID], [Type], [GeneralVolume], [EmergencyVolume], [Latitude], [Longitude], [TimeCreated], [UserCreated], [TimeModified], [UserModified], [Name]) VALUES (N'ae784982-b871-457e-95b3-56ee73173596', N'24413cd8-1ed1-43d3-bf19-31a176b51dd7', NULL, N'2                                                 ', NULL, 0.5, NULL, 32.979278, -117.25696, CAST(N'2011-05-26 00:00:00.000' AS DateTime), NULL, CAST(N'2015-06-16 15:42:31.593' AS DateTime), NULL, N'SP2')
GO
INSERT [dbo].[Speaker] ([Uid], [SpeakerGroupUid], [IPAddress], [SatelliteID], [Type], [GeneralVolume], [EmergencyVolume], [Latitude], [Longitude], [TimeCreated], [UserCreated], [TimeModified], [UserModified], [Name]) VALUES (N'b48e9622-60d2-4148-9284-5747ace9a98f', N'0c62fc10-5e39-49d1-844a-91d977e0067f', NULL, N'1                                                 ', NULL, 0.9, NULL, 32.875672, -117.175252, CAST(N'2010-03-12 00:00:00.000' AS DateTime), NULL, CAST(N'2015-06-16 16:01:28.853' AS DateTime), NULL, N'SP1')
GO
INSERT [dbo].[Speaker] ([Uid], [SpeakerGroupUid], [IPAddress], [SatelliteID], [Type], [GeneralVolume], [EmergencyVolume], [Latitude], [Longitude], [TimeCreated], [UserCreated], [TimeModified], [UserModified], [Name]) VALUES (N'6f9a5c1a-179b-4162-b815-59a169e087d4', N'0c62fc10-5e39-49d1-844a-91d977e0067f', NULL, N'2                                                 ', NULL, 0.1, NULL, 32.861975, -117.185981, CAST(N'2010-05-05 00:00:00.000' AS DateTime), NULL, CAST(N'2015-06-16 16:01:28.853' AS DateTime), NULL, N'SP2')
GO
INSERT [dbo].[Speaker] ([Uid], [SpeakerGroupUid], [IPAddress], [SatelliteID], [Type], [GeneralVolume], [EmergencyVolume], [Latitude], [Longitude], [TimeCreated], [UserCreated], [TimeModified], [UserModified], [Name]) VALUES (N'391bb3fe-6a10-4d34-8b7e-5a8e61f34a1b', N'517cf386-19ca-4513-9725-e5808205fd43', NULL, N'2                                                 ', NULL, 0.6, NULL, 32.935856, -117.24711, CAST(N'2011-05-07 00:00:00.000' AS DateTime), NULL, CAST(N'2015-06-16 15:42:31.593' AS DateTime), NULL, N'SP2')
GO
INSERT [dbo].[Speaker] ([Uid], [SpeakerGroupUid], [IPAddress], [SatelliteID], [Type], [GeneralVolume], [EmergencyVolume], [Latitude], [Longitude], [TimeCreated], [UserCreated], [TimeModified], [UserModified], [Name]) VALUES (N'0b3a8f13-3556-474b-ace1-631a3bb9c758', N'01da2294-2632-4c43-a06f-7ec3518a91e2', N'                                                  ', N'                                                  ', N'LRAD 500X                                         ', 0, 0, NULL, NULL, CAST(N'2015-09-29 19:27:10.317' AS DateTime), N'd347f6ce-0918-4793-b2a9-aae1df01dfb3', CAST(N'2015-09-29 19:27:10.317' AS DateTime), N'd347f6ce-0918-4793-b2a9-aae1df01dfb3', N'test666')
GO
INSERT [dbo].[Speaker] ([Uid], [SpeakerGroupUid], [IPAddress], [SatelliteID], [Type], [GeneralVolume], [EmergencyVolume], [Latitude], [Longitude], [TimeCreated], [UserCreated], [TimeModified], [UserModified], [Name]) VALUES (N'0061218a-1b88-4f64-875b-6594c0327d2a', N'4c8f321e-c392-4837-8206-233772a76ddd', NULL, N'2                                                 ', NULL, 0.1, NULL, 32.724456, -117.221628, CAST(N'2010-05-05 00:00:00.000' AS DateTime), NULL, CAST(N'2015-06-16 16:09:27.323' AS DateTime), NULL, N'SP2')
GO
INSERT [dbo].[Speaker] ([Uid], [SpeakerGroupUid], [IPAddress], [SatelliteID], [Type], [GeneralVolume], [EmergencyVolume], [Latitude], [Longitude], [TimeCreated], [UserCreated], [TimeModified], [UserModified], [Name]) VALUES (N'f6a6a00c-6b05-4607-9d15-6d917a1db822', N'2b1fc771-9604-41b6-80f8-cb8ecb8e8d1a', N'192.163.1.111                                     ', N'                                                  ', N'LRAD 2000X                                        ', 0.3, 0.19, NULL, NULL, CAST(N'2015-09-23 18:16:26.890' AS DateTime), N'd347f6ce-0918-4793-b2a9-aae1df01dfb3', CAST(N'2015-09-23 18:16:26.890' AS DateTime), N'd347f6ce-0918-4793-b2a9-aae1df01dfb3', N'Test1')
GO
INSERT [dbo].[Speaker] ([Uid], [SpeakerGroupUid], [IPAddress], [SatelliteID], [Type], [GeneralVolume], [EmergencyVolume], [Latitude], [Longitude], [TimeCreated], [UserCreated], [TimeModified], [UserModified], [Name]) VALUES (N'5ade8a6a-098b-46a6-8253-71902fcbd533', N'01da2294-2632-4c43-a06f-7ec3518a91e2', N'                                                  ', N'                                                  ', N'LRAD 500X                                         ', 0, 0, NULL, NULL, CAST(N'2015-09-29 19:26:35.947' AS DateTime), N'd347f6ce-0918-4793-b2a9-aae1df01dfb3', CAST(N'2015-09-29 19:26:35.947' AS DateTime), N'd347f6ce-0918-4793-b2a9-aae1df01dfb3', N'test666')
GO
INSERT [dbo].[Speaker] ([Uid], [SpeakerGroupUid], [IPAddress], [SatelliteID], [Type], [GeneralVolume], [EmergencyVolume], [Latitude], [Longitude], [TimeCreated], [UserCreated], [TimeModified], [UserModified], [Name]) VALUES (N'd91bce63-0c16-4439-a939-75771cd30e2f', N'01da2294-2632-4c43-a06f-7ec3518a91e2', N'192.168.2.5                                       ', N'                                                  ', N'LRAD 500X                                         ', 0.33, 0.43, NULL, NULL, CAST(N'2015-09-29 15:00:08.427' AS DateTime), N'd347f6ce-0918-4793-b2a9-aae1df01dfb3', CAST(N'2015-09-29 15:00:08.427' AS DateTime), N'd347f6ce-0918-4793-b2a9-aae1df01dfb3', N'test4')
GO
INSERT [dbo].[Speaker] ([Uid], [SpeakerGroupUid], [IPAddress], [SatelliteID], [Type], [GeneralVolume], [EmergencyVolume], [Latitude], [Longitude], [TimeCreated], [UserCreated], [TimeModified], [UserModified], [Name]) VALUES (N'bec9c49c-60db-435a-b71e-76f0dac60514', N'2b1fc771-9604-41b6-80f8-cb8ecb8e8d1a', NULL, N'1                                                 ', NULL, 0.2, NULL, 32.890449, -117.141521, CAST(N'2010-01-02 00:00:00.000' AS DateTime), NULL, CAST(N'2015-06-16 16:01:28.857' AS DateTime), NULL, N'SP1')
GO
INSERT [dbo].[Speaker] ([Uid], [SpeakerGroupUid], [IPAddress], [SatelliteID], [Type], [GeneralVolume], [EmergencyVolume], [Latitude], [Longitude], [TimeCreated], [UserCreated], [TimeModified], [UserModified], [Name]) VALUES (N'9d5d9047-4e7e-4241-af6d-857f44ac520c', N'01da2294-2632-4c43-a06f-7ec3518a91e2', N'                                                  ', N'                                                  ', N'LRAD 500X                                         ', 0.54, 0.3, NULL, NULL, CAST(N'2015-09-29 18:54:34.320' AS DateTime), N'd347f6ce-0918-4793-b2a9-aae1df01dfb3', CAST(N'2015-09-29 18:54:34.320' AS DateTime), N'd347f6ce-0918-4793-b2a9-aae1df01dfb3', N'test14')
GO
INSERT [dbo].[Speaker] ([Uid], [SpeakerGroupUid], [IPAddress], [SatelliteID], [Type], [GeneralVolume], [EmergencyVolume], [Latitude], [Longitude], [TimeCreated], [UserCreated], [TimeModified], [UserModified], [Name]) VALUES (N'7579bb27-c7e1-4062-8bc7-87910650ebc4', N'22786653-fd1f-43c6-831e-e0e257dc6f74', NULL, N'5                                                 ', NULL, 0.1, NULL, 32.6824, -117.18188, CAST(N'2010-03-09 00:00:00.000' AS DateTime), NULL, CAST(N'2015-06-16 15:15:05.943' AS DateTime), NULL, N'SP5')
GO
INSERT [dbo].[Speaker] ([Uid], [SpeakerGroupUid], [IPAddress], [SatelliteID], [Type], [GeneralVolume], [EmergencyVolume], [Latitude], [Longitude], [TimeCreated], [UserCreated], [TimeModified], [UserModified], [Name]) VALUES (N'702713a0-8940-4f86-a6f8-8f19019d2f25', N'a92b033a-036f-42cd-81c2-0eb293c9f9ca', NULL, N'5                                                 ', NULL, 0.7, NULL, 33.227816, -117.399869, CAST(N'2010-06-24 00:00:00.000' AS DateTime), NULL, CAST(N'2015-06-16 16:14:42.090' AS DateTime), NULL, N'SP5')
GO
INSERT [dbo].[Speaker] ([Uid], [SpeakerGroupUid], [IPAddress], [SatelliteID], [Type], [GeneralVolume], [EmergencyVolume], [Latitude], [Longitude], [TimeCreated], [UserCreated], [TimeModified], [UserModified], [Name]) VALUES (N'45049755-2a7a-4d20-8258-92459d068d92', N'0c62fc10-5e39-49d1-844a-91d977e0067f', NULL, N'4                                                 ', NULL, 0.8, NULL, 32.870554, -117.174652, CAST(N'2010-01-29 00:00:00.000' AS DateTime), NULL, CAST(N'2015-06-16 16:01:28.857' AS DateTime), NULL, N'SP4')
GO
INSERT [dbo].[Speaker] ([Uid], [SpeakerGroupUid], [IPAddress], [SatelliteID], [Type], [GeneralVolume], [EmergencyVolume], [Latitude], [Longitude], [TimeCreated], [UserCreated], [TimeModified], [UserModified], [Name]) VALUES (N'ec22fec9-fac3-4e57-a7d6-94cdb4e82a7a', N'a92b033a-036f-42cd-81c2-0eb293c9f9ca', NULL, N'3                                                 ', NULL, 0.9, NULL, 33.208213, -117.391715, CAST(N'2010-07-04 00:00:00.000' AS DateTime), NULL, CAST(N'2015-06-16 16:14:42.090' AS DateTime), NULL, N'SP3')
GO
INSERT [dbo].[Speaker] ([Uid], [SpeakerGroupUid], [IPAddress], [SatelliteID], [Type], [GeneralVolume], [EmergencyVolume], [Latitude], [Longitude], [TimeCreated], [UserCreated], [TimeModified], [UserModified], [Name]) VALUES (N'd37f0bf8-e6ea-4d3e-a56c-95040b68ea00', N'41b5be10-e956-4e63-b73b-7dfa13661a94', NULL, N'3                                                 ', NULL, 0.7, NULL, 32.721207, -117.242141, CAST(N'2010-02-19 00:00:00.000' AS DateTime), NULL, CAST(N'2015-06-16 15:09:58.410' AS DateTime), NULL, N'SP3')
GO
INSERT [dbo].[Speaker] ([Uid], [SpeakerGroupUid], [IPAddress], [SatelliteID], [Type], [GeneralVolume], [EmergencyVolume], [Latitude], [Longitude], [TimeCreated], [UserCreated], [TimeModified], [UserModified], [Name]) VALUES (N'f3336757-cca9-4004-a7dc-9a8df239e567', N'41b5be10-e956-4e63-b73b-7dfa13661a94', NULL, N'4                                                 ', NULL, 0, NULL, 32.706475, -117.246261, CAST(N'2010-01-29 00:00:00.000' AS DateTime), NULL, CAST(N'2015-06-16 15:09:58.410' AS DateTime), NULL, N'SP4')
GO
INSERT [dbo].[Speaker] ([Uid], [SpeakerGroupUid], [IPAddress], [SatelliteID], [Type], [GeneralVolume], [EmergencyVolume], [Latitude], [Longitude], [TimeCreated], [UserCreated], [TimeModified], [UserModified], [Name]) VALUES (N'd0bffcd9-3fee-4acf-8591-a1ecb9491b5d', N'2b1fc771-9604-41b6-80f8-cb8ecb8e8d1a', NULL, N'4                                                 ', NULL, 0.4, NULL, 32.893692, -117.118347, CAST(N'2010-06-06 00:00:00.000' AS DateTime), NULL, CAST(N'2015-06-16 16:01:28.857' AS DateTime), NULL, N'SP4')
GO
INSERT [dbo].[Speaker] ([Uid], [SpeakerGroupUid], [IPAddress], [SatelliteID], [Type], [GeneralVolume], [EmergencyVolume], [Latitude], [Longitude], [TimeCreated], [UserCreated], [TimeModified], [UserModified], [Name]) VALUES (N'c52ca195-ddb9-4e60-a1f5-a8429ce82205', N'41b5be10-e956-4e63-b73b-7dfa13661a94', NULL, N'1                                                 ', NULL, 0.5, NULL, 32.742146, -117.247978, CAST(N'2010-03-12 00:00:00.000' AS DateTime), NULL, CAST(N'2015-06-16 15:09:58.410' AS DateTime), NULL, N'SP1')
GO
INSERT [dbo].[Speaker] ([Uid], [SpeakerGroupUid], [IPAddress], [SatelliteID], [Type], [GeneralVolume], [EmergencyVolume], [Latitude], [Longitude], [TimeCreated], [UserCreated], [TimeModified], [UserModified], [Name]) VALUES (N'6dde7161-709e-4675-ad66-a8d12176f780', N'534c6bbe-68e9-4fac-83d2-4a27ec352a13', NULL, N'1                                                 ', NULL, 0.6, NULL, 32.885331, -117.139118, CAST(N'2010-04-15 00:00:00.000' AS DateTime), NULL, CAST(N'2015-06-16 16:01:28.853' AS DateTime), NULL, N'SP1')
GO
INSERT [dbo].[Speaker] ([Uid], [SpeakerGroupUid], [IPAddress], [SatelliteID], [Type], [GeneralVolume], [EmergencyVolume], [Latitude], [Longitude], [TimeCreated], [UserCreated], [TimeModified], [UserModified], [Name]) VALUES (N'8a22567d-3d58-4d02-b2b6-a9b970c5340a', N'01da2294-2632-4c43-a06f-7ec3518a91e2', N'                                                  ', N'                                                  ', N'LRAD 500X                                         ', 0.37, 0.29, NULL, NULL, CAST(N'2015-09-29 17:55:47.327' AS DateTime), N'd347f6ce-0918-4793-b2a9-aae1df01dfb3', CAST(N'2015-09-29 17:55:47.327' AS DateTime), N'd347f6ce-0918-4793-b2a9-aae1df01dfb3', N'test12')
GO
INSERT [dbo].[Speaker] ([Uid], [SpeakerGroupUid], [IPAddress], [SatelliteID], [Type], [GeneralVolume], [EmergencyVolume], [Latitude], [Longitude], [TimeCreated], [UserCreated], [TimeModified], [UserModified], [Name]) VALUES (N'28015680-5a7d-48bb-a482-ac12b55609f1', N'22786653-fd1f-43c6-831e-e0e257dc6f74', NULL, N'2                                                 ', NULL, 0, NULL, 32.70667, -117.210805, CAST(N'2010-04-09 00:00:00.000' AS DateTime), NULL, CAST(N'2015-06-16 15:15:05.943' AS DateTime), NULL, N'SP2')
GO
INSERT [dbo].[Speaker] ([Uid], [SpeakerGroupUid], [IPAddress], [SatelliteID], [Type], [GeneralVolume], [EmergencyVolume], [Latitude], [Longitude], [TimeCreated], [UserCreated], [TimeModified], [UserModified], [Name]) VALUES (N'18b2f927-9137-46e4-b7ef-ac72303b4858', N'4bcfb342-3b79-4b02-a935-0bcb56ca47a9', NULL, N'2                                                 ', NULL, 0.3, NULL, 32.730161, -117.182746, CAST(N'2010-04-16 00:00:00.000' AS DateTime), NULL, CAST(N'2015-06-16 15:09:58.410' AS DateTime), NULL, N'SP2')
GO
INSERT [dbo].[Speaker] ([Uid], [SpeakerGroupUid], [IPAddress], [SatelliteID], [Type], [GeneralVolume], [EmergencyVolume], [Latitude], [Longitude], [TimeCreated], [UserCreated], [TimeModified], [UserModified], [Name]) VALUES (N'ec5f656a-18bb-4dcd-80be-acbc30e72e35', N'01da2294-2632-4c43-a06f-7ec3518a91e2', N'test                                              ', N'                                                  ', N'LRAD 500X                                         ', 0.25, 0.12, NULL, NULL, CAST(N'2015-09-29 17:42:55.830' AS DateTime), N'd347f6ce-0918-4793-b2a9-aae1df01dfb3', CAST(N'2015-09-29 17:42:55.830' AS DateTime), N'd347f6ce-0918-4793-b2a9-aae1df01dfb3', N'test10')
GO
INSERT [dbo].[Speaker] ([Uid], [SpeakerGroupUid], [IPAddress], [SatelliteID], [Type], [GeneralVolume], [EmergencyVolume], [Latitude], [Longitude], [TimeCreated], [UserCreated], [TimeModified], [UserModified], [Name]) VALUES (N'a8a278f0-d52d-41a6-83d9-afefaf747410', N'517cf386-19ca-4513-9725-e5808205fd43', N'                                                  ', N'                                                  ', N'LRAD 500X                                         ', 0, 0, NULL, NULL, CAST(N'2015-09-29 11:46:21.080' AS DateTime), N'd347f6ce-0918-4793-b2a9-aae1df01dfb3', CAST(N'2015-09-29 11:46:21.080' AS DateTime), N'd347f6ce-0918-4793-b2a9-aae1df01dfb3', N'Test')
GO
INSERT [dbo].[Speaker] ([Uid], [SpeakerGroupUid], [IPAddress], [SatelliteID], [Type], [GeneralVolume], [EmergencyVolume], [Latitude], [Longitude], [TimeCreated], [UserCreated], [TimeModified], [UserModified], [Name]) VALUES (N'039ce45a-0092-4a8e-9994-c1147076ddbb', N'a92b033a-036f-42cd-81c2-0eb293c9f9ca', NULL, N'2                                                 ', NULL, 0.4, NULL, 33.228534, -117.374205, CAST(N'2010-05-31 00:00:00.000' AS DateTime), NULL, CAST(N'2015-06-16 16:14:42.090' AS DateTime), NULL, N'SP2')
GO
INSERT [dbo].[Speaker] ([Uid], [SpeakerGroupUid], [IPAddress], [SatelliteID], [Type], [GeneralVolume], [EmergencyVolume], [Latitude], [Longitude], [TimeCreated], [UserCreated], [TimeModified], [UserModified], [Name]) VALUES (N'b0f2f0d2-5a2d-49eb-ab6a-c38c7baa7a47', N'01da2294-2632-4c43-a06f-7ec3518a91e2', N'192.168.22.22                                     ', N'                                                  ', N'LRAD 500X                                         ', 0.32, 0.19, NULL, NULL, CAST(N'2015-09-29 19:16:27.717' AS DateTime), N'd347f6ce-0918-4793-b2a9-aae1df01dfb3', CAST(N'2015-09-29 19:16:27.717' AS DateTime), N'd347f6ce-0918-4793-b2a9-aae1df01dfb3', N'test132')
GO
INSERT [dbo].[Speaker] ([Uid], [SpeakerGroupUid], [IPAddress], [SatelliteID], [Type], [GeneralVolume], [EmergencyVolume], [Latitude], [Longitude], [TimeCreated], [UserCreated], [TimeModified], [UserModified], [Name]) VALUES (N'db526fa6-3b0d-4b08-82cd-c49398179248', N'24413cd8-1ed1-43d3-bf19-31a176b51dd7', NULL, N'1                                                 ', NULL, 0.7, NULL, 32.975682, -117.269821, CAST(N'2012-03-15 00:00:00.000' AS DateTime), NULL, CAST(N'2015-06-16 15:42:31.593' AS DateTime), NULL, N'SP1')
GO
INSERT [dbo].[Speaker] ([Uid], [SpeakerGroupUid], [IPAddress], [SatelliteID], [Type], [GeneralVolume], [EmergencyVolume], [Latitude], [Longitude], [TimeCreated], [UserCreated], [TimeModified], [UserModified], [Name]) VALUES (N'2a4b47f3-d1f0-4883-821f-c4d1b1bec0e8', N'a92b033a-036f-42cd-81c2-0eb293c9f9ca', NULL, N'1                                                 ', NULL, 0.3, NULL, 33.247128, -117.378583, CAST(N'2010-12-29 00:00:00.000' AS DateTime), NULL, CAST(N'2015-06-16 16:14:42.090' AS DateTime), NULL, N'SP1')
GO
INSERT [dbo].[Speaker] ([Uid], [SpeakerGroupUid], [IPAddress], [SatelliteID], [Type], [GeneralVolume], [EmergencyVolume], [Latitude], [Longitude], [TimeCreated], [UserCreated], [TimeModified], [UserModified], [Name]) VALUES (N'37a79fd8-1973-4b3f-8622-c7d039ec19f3', N'01da2294-2632-4c43-a06f-7ec3518a91e2', N'                                                  ', N'                                                  ', N'LRAD 500X                                         ', 0, 0, NULL, NULL, CAST(N'2015-09-29 19:17:08.807' AS DateTime), N'd347f6ce-0918-4793-b2a9-aae1df01dfb3', CAST(N'2015-09-29 19:17:08.807' AS DateTime), N'd347f6ce-0918-4793-b2a9-aae1df01dfb3', N'test222')
GO
INSERT [dbo].[Speaker] ([Uid], [SpeakerGroupUid], [IPAddress], [SatelliteID], [Type], [GeneralVolume], [EmergencyVolume], [Latitude], [Longitude], [TimeCreated], [UserCreated], [TimeModified], [UserModified], [Name]) VALUES (N'0828e26e-051b-4356-8dac-c8ad3f93f9ab', N'a92b033a-036f-42cd-81c2-0eb293c9f9ca', NULL, N'4                                                 ', NULL, 0.5, NULL, 33.240093, -117.3494, CAST(N'2010-09-03 00:00:00.000' AS DateTime), NULL, CAST(N'2015-06-16 16:14:42.090' AS DateTime), NULL, N'SP4')
GO
INSERT [dbo].[Speaker] ([Uid], [SpeakerGroupUid], [IPAddress], [SatelliteID], [Type], [GeneralVolume], [EmergencyVolume], [Latitude], [Longitude], [TimeCreated], [UserCreated], [TimeModified], [UserModified], [Name]) VALUES (N'71d65149-0518-497f-be68-cae984061a2a', N'01da2294-2632-4c43-a06f-7ec3518a91e2', N'                                                  ', N'                                                  ', N'LRAD 500X                                         ', 0, 0, NULL, NULL, CAST(N'2015-09-29 19:32:45.807' AS DateTime), N'd347f6ce-0918-4793-b2a9-aae1df01dfb3', CAST(N'2015-09-29 19:32:45.807' AS DateTime), N'd347f6ce-0918-4793-b2a9-aae1df01dfb3', N'testNew1')
GO
INSERT [dbo].[Speaker] ([Uid], [SpeakerGroupUid], [IPAddress], [SatelliteID], [Type], [GeneralVolume], [EmergencyVolume], [Latitude], [Longitude], [TimeCreated], [UserCreated], [TimeModified], [UserModified], [Name]) VALUES (N'ed614623-7914-46a3-8a45-cc8bcd5c9a30', N'ec4148fe-8beb-45ec-bf42-aa1dd9942211', NULL, N'1                                                 ', NULL, 0.6, NULL, 32.730955, -117.209697, CAST(N'2010-04-15 00:00:00.000' AS DateTime), NULL, CAST(N'2015-06-16 16:09:27.320' AS DateTime), NULL, N'SP1')
GO
INSERT [dbo].[Speaker] ([Uid], [SpeakerGroupUid], [IPAddress], [SatelliteID], [Type], [GeneralVolume], [EmergencyVolume], [Latitude], [Longitude], [TimeCreated], [UserCreated], [TimeModified], [UserModified], [Name]) VALUES (N'e0a4be29-9087-47d8-9dbe-d223c55ae656', N'22786653-fd1f-43c6-831e-e0e257dc6f74', NULL, N'3                                                 ', NULL, 0.5, NULL, 32.703637, -117.193296, CAST(N'2010-03-18 00:00:00.000' AS DateTime), NULL, CAST(N'2015-06-16 15:15:05.943' AS DateTime), NULL, N'SP3')
GO
INSERT [dbo].[Speaker] ([Uid], [SpeakerGroupUid], [IPAddress], [SatelliteID], [Type], [GeneralVolume], [EmergencyVolume], [Latitude], [Longitude], [TimeCreated], [UserCreated], [TimeModified], [UserModified], [Name]) VALUES (N'df6b212b-47da-45df-8029-d632200bcd14', N'01da2294-2632-4c43-a06f-7ec3518a91e2', N'192.163.55.1                                      ', N'                                                  ', N'LRAD 500X                                         ', 0.26, 0.37, NULL, NULL, CAST(N'2015-09-29 17:47:48.643' AS DateTime), N'd347f6ce-0918-4793-b2a9-aae1df01dfb3', CAST(N'2015-09-29 17:47:48.643' AS DateTime), N'd347f6ce-0918-4793-b2a9-aae1df01dfb3', N'test11')
GO
INSERT [dbo].[Speaker] ([Uid], [SpeakerGroupUid], [IPAddress], [SatelliteID], [Type], [GeneralVolume], [EmergencyVolume], [Latitude], [Longitude], [TimeCreated], [UserCreated], [TimeModified], [UserModified], [Name]) VALUES (N'3a8bae92-4c08-45ce-bc30-d6eb347a33a0', N'01da2294-2632-4c43-a06f-7ec3518a91e2', N'                                                  ', N'                                                  ', N'LRAD 500X                                         ', 0, 0, NULL, NULL, CAST(N'2015-09-29 19:24:05.547' AS DateTime), N'd347f6ce-0918-4793-b2a9-aae1df01dfb3', CAST(N'2015-09-29 19:24:05.547' AS DateTime), N'd347f6ce-0918-4793-b2a9-aae1df01dfb3', N'test555')
GO
INSERT [dbo].[Speaker] ([Uid], [SpeakerGroupUid], [IPAddress], [SatelliteID], [Type], [GeneralVolume], [EmergencyVolume], [Latitude], [Longitude], [TimeCreated], [UserCreated], [TimeModified], [UserModified], [Name]) VALUES (N'dc5a4f23-8331-40ab-ac8f-d8f7d2df8b32', N'01da2294-2632-4c43-a06f-7ec3518a91e2', N'192.168.1.633                                     ', N'                                                  ', N'LRAD 500X                                         ', 0.24, 0.19, NULL, NULL, CAST(N'2015-09-29 17:37:32.610' AS DateTime), N'd347f6ce-0918-4793-b2a9-aae1df01dfb3', CAST(N'2015-09-29 17:37:32.610' AS DateTime), N'd347f6ce-0918-4793-b2a9-aae1df01dfb3', N'test9')
GO
INSERT [dbo].[Speaker] ([Uid], [SpeakerGroupUid], [IPAddress], [SatelliteID], [Type], [GeneralVolume], [EmergencyVolume], [Latitude], [Longitude], [TimeCreated], [UserCreated], [TimeModified], [UserModified], [Name]) VALUES (N'b593bf7b-798b-43a0-aa8e-da25d0aaabba', N'01da2294-2632-4c43-a06f-7ec3518a91e2', N'                                                  ', N'                                                  ', N'LRAD 500X                                         ', 0, 0, NULL, NULL, CAST(N'2015-09-29 17:24:55.530' AS DateTime), N'd347f6ce-0918-4793-b2a9-aae1df01dfb3', CAST(N'2015-09-29 17:24:55.530' AS DateTime), N'd347f6ce-0918-4793-b2a9-aae1df01dfb3', N'test7')
GO
INSERT [dbo].[Speaker] ([Uid], [SpeakerGroupUid], [IPAddress], [SatelliteID], [Type], [GeneralVolume], [EmergencyVolume], [Latitude], [Longitude], [TimeCreated], [UserCreated], [TimeModified], [UserModified], [Name]) VALUES (N'e27c5b3c-e701-4610-a920-eea48be966ed', N'01da2294-2632-4c43-a06f-7ec3518a91e2', N'                                                  ', N'                                                  ', N'LRAD 500X                                         ', 0, 0, NULL, NULL, CAST(N'2015-09-29 19:33:13.440' AS DateTime), N'd347f6ce-0918-4793-b2a9-aae1df01dfb3', CAST(N'2015-09-29 19:33:13.440' AS DateTime), N'd347f6ce-0918-4793-b2a9-aae1df01dfb3', N'testnew2')
GO
INSERT [dbo].[Speaker] ([Uid], [SpeakerGroupUid], [IPAddress], [SatelliteID], [Type], [GeneralVolume], [EmergencyVolume], [Latitude], [Longitude], [TimeCreated], [UserCreated], [TimeModified], [UserModified], [Name]) VALUES (N'2cf801d8-22de-463a-a543-efcb00c74215', N'4c8f321e-c392-4837-8206-233772a76ddd', NULL, N'3                                                 ', NULL, 0.3, NULL, 32.721207, -117.242141, CAST(N'2010-02-19 00:00:00.000' AS DateTime), NULL, CAST(N'2015-06-16 16:09:27.323' AS DateTime), NULL, N'SP3')
GO
INSERT [dbo].[Speaker] ([Uid], [SpeakerGroupUid], [IPAddress], [SatelliteID], [Type], [GeneralVolume], [EmergencyVolume], [Latitude], [Longitude], [TimeCreated], [UserCreated], [TimeModified], [UserModified], [Name]) VALUES (N'5a862093-8268-422a-a2dd-efee2ce101bf', N'01da2294-2632-4c43-a06f-7ec3518a91e2', N'                                                  ', N'                                                  ', N'LRAD 500X                                         ', 0.3, 0.1, NULL, NULL, CAST(N'2015-09-29 19:28:25.080' AS DateTime), N'd347f6ce-0918-4793-b2a9-aae1df01dfb3', CAST(N'2015-09-29 19:28:25.080' AS DateTime), N'd347f6ce-0918-4793-b2a9-aae1df01dfb3', N'test676')
GO
INSERT [dbo].[Speaker] ([Uid], [SpeakerGroupUid], [IPAddress], [SatelliteID], [Type], [GeneralVolume], [EmergencyVolume], [Latitude], [Longitude], [TimeCreated], [UserCreated], [TimeModified], [UserModified], [Name]) VALUES (N'0252e6b2-2cab-447e-83c4-f08c40845a4b', N'01da2294-2632-4c43-a06f-7ec3518a91e2', N'192.168.1.55                                      ', N'                                                  ', N'LRAD 500X                                         ', 0.1, 0.11, NULL, NULL, CAST(N'2015-09-29 17:23:34.637' AS DateTime), N'd347f6ce-0918-4793-b2a9-aae1df01dfb3', CAST(N'2015-09-29 17:23:34.637' AS DateTime), N'd347f6ce-0918-4793-b2a9-aae1df01dfb3', N'test5')
GO
INSERT [dbo].[Speaker] ([Uid], [SpeakerGroupUid], [IPAddress], [SatelliteID], [Type], [GeneralVolume], [EmergencyVolume], [Latitude], [Longitude], [TimeCreated], [UserCreated], [TimeModified], [UserModified], [Name]) VALUES (N'e6deb70d-30e4-4e2b-b348-f2f318c6c44d', N'01da2294-2632-4c43-a06f-7ec3518a91e2', N'                                                  ', N'                                                  ', N'LRAD 500X                                         ', 0, 0, NULL, NULL, CAST(N'2015-09-29 19:26:06.900' AS DateTime), N'd347f6ce-0918-4793-b2a9-aae1df01dfb3', CAST(N'2015-09-29 19:26:06.900' AS DateTime), N'd347f6ce-0918-4793-b2a9-aae1df01dfb3', N'test666')
GO
INSERT [dbo].[Speaker] ([Uid], [SpeakerGroupUid], [IPAddress], [SatelliteID], [Type], [GeneralVolume], [EmergencyVolume], [Latitude], [Longitude], [TimeCreated], [UserCreated], [TimeModified], [UserModified], [Name]) VALUES (N'a6ab1709-da98-496e-9917-f5fd6cc54b43', N'4c8f321e-c392-4837-8206-233772a76ddd', NULL, N'1                                                 ', NULL, 0.9, NULL, 32.742146, -117.247978, CAST(N'2010-03-12 00:00:00.000' AS DateTime), NULL, CAST(N'2015-06-16 16:09:27.323' AS DateTime), NULL, N'SP1')
GO
INSERT [dbo].[Speaker] ([Uid], [SpeakerGroupUid], [IPAddress], [SatelliteID], [Type], [GeneralVolume], [EmergencyVolume], [Latitude], [Longitude], [TimeCreated], [UserCreated], [TimeModified], [UserModified], [Name]) VALUES (N'fde404e8-e32b-4230-8a53-fb177abea43a', N'dcb37079-05f7-4439-a59f-19d7fd78d03a', N'192.168.12.12                                     ', N'                                                  ', N'LRAD 500X                                         ', 0.22, 0.3, NULL, NULL, CAST(N'2015-10-07 10:57:06.683' AS DateTime), N'd347f6ce-0918-4793-b2a9-aae1df01dfb3', CAST(N'2015-10-07 10:57:06.683' AS DateTime), N'd347f6ce-0918-4793-b2a9-aae1df01dfb3', N'Test1')
GO
INSERT [dbo].[Speaker] ([Uid], [SpeakerGroupUid], [IPAddress], [SatelliteID], [Type], [GeneralVolume], [EmergencyVolume], [Latitude], [Longitude], [TimeCreated], [UserCreated], [TimeModified], [UserModified], [Name]) VALUES (N'25ce34b5-ab38-423e-b835-fd30f0e36025', N'01da2294-2632-4c43-a06f-7ec3518a91e2', N'192.168.1.23                                      ', N'                                                  ', N'LRAD 500X                                         ', 0, 0, NULL, NULL, CAST(N'2015-09-29 14:59:16.437' AS DateTime), N'd347f6ce-0918-4793-b2a9-aae1df01dfb3', CAST(N'2015-09-29 14:59:16.437' AS DateTime), N'd347f6ce-0918-4793-b2a9-aae1df01dfb3', N'test3')
GO
INSERT [dbo].[Speaker] ([Uid], [SpeakerGroupUid], [IPAddress], [SatelliteID], [Type], [GeneralVolume], [EmergencyVolume], [Latitude], [Longitude], [TimeCreated], [UserCreated], [TimeModified], [UserModified], [Name]) VALUES (N'771da4ee-ae40-43b7-93a1-fe3375c4b234', N'4bcfb342-3b79-4b02-a935-0bcb56ca47a9', NULL, N'1                                                 ', NULL, 0.9, NULL, 32.730955, -117.209697, CAST(N'2010-04-15 00:00:00.000' AS DateTime), NULL, CAST(N'2015-06-16 15:04:20.950' AS DateTime), NULL, N'SP1')
GO
INSERT [dbo].[Speaker] ([Uid], [SpeakerGroupUid], [IPAddress], [SatelliteID], [Type], [GeneralVolume], [EmergencyVolume], [Latitude], [Longitude], [TimeCreated], [UserCreated], [TimeModified], [UserModified], [Name]) VALUES (N'03372c73-61db-4569-9a7d-fe6160ff0745', N'01da2294-2632-4c43-a06f-7ec3518a91e2', N'192.168.1.110                                     ', N'                                                  ', N'LRAD 500X                                         ', 0.57, 0.35, NULL, NULL, CAST(N'2015-09-29 18:53:39.997' AS DateTime), N'd347f6ce-0918-4793-b2a9-aae1df01dfb3', CAST(N'2015-09-29 18:53:39.997' AS DateTime), N'd347f6ce-0918-4793-b2a9-aae1df01dfb3', N'test13')
GO
INSERT [dbo].[Speaker] ([Uid], [SpeakerGroupUid], [IPAddress], [SatelliteID], [Type], [GeneralVolume], [EmergencyVolume], [Latitude], [Longitude], [TimeCreated], [UserCreated], [TimeModified], [UserModified], [Name]) VALUES (N'4cec0e9d-4098-49e3-adc3-ff632245e62a', N'22786653-fd1f-43c6-831e-e0e257dc6f74', NULL, N'1                                                 ', NULL, 0, NULL, 32.691069, -117.220332, CAST(N'2010-01-02 00:00:00.000' AS DateTime), NULL, CAST(N'2015-06-16 15:15:05.943' AS DateTime), NULL, N'SP1')
GO
INSERT [dbo].[SpeakerGroup] ([Uid], [AreaUid], [MultiCastGroup], [Color], [TimeCreated], [UserCreated], [TimeModified], [UserModified], [LabelLatitude], [LabelLongitude], [Name]) VALUES (N'4bcfb342-3b79-4b02-a935-0bcb56ca47a9', N'61cc9a6b-24c0-48d6-8af9-03b9197b7471', N'220.35.120.10                                     ', -13726889, CAST(N'2010-05-21 00:00:00.000' AS DateTime), NULL, CAST(N'2015-06-16 14:46:35.213' AS DateTime), NULL, 32.735985, -117.196025, N'Lindbergh Field')
GO
INSERT [dbo].[SpeakerGroup] ([Uid], [AreaUid], [MultiCastGroup], [Color], [TimeCreated], [UserCreated], [TimeModified], [UserModified], [LabelLatitude], [LabelLongitude], [Name]) VALUES (N'a92b033a-036f-42cd-81c2-0eb293c9f9ca', N'e194d65f-be5e-430a-b581-c77fe516f709', N'220.35.120.19                                     ', -13726889, CAST(N'2012-04-21 00:00:00.000' AS DateTime), NULL, CAST(N'2015-06-16 16:12:33.210' AS DateTime), NULL, 33.23076, -117.379355, N'Camp Pendleton South')
GO
INSERT [dbo].[SpeakerGroup] ([Uid], [AreaUid], [MultiCastGroup], [Color], [TimeCreated], [UserCreated], [TimeModified], [UserModified], [LabelLatitude], [LabelLongitude], [Name]) VALUES (N'dcb37079-05f7-4439-a59f-19d7fd78d03a', N'36093ad6-2c6a-4852-ae3c-4a5981b87cac', N'                                                  ', 12284016, CAST(N'2015-10-07 10:56:03.470' AS DateTime), N'd347f6ce-0918-4793-b2a9-aae1df01dfb3', CAST(N'2015-10-07 10:56:03.470' AS DateTime), N'd347f6ce-0918-4793-b2a9-aae1df01dfb3', NULL, NULL, N'test')
GO
INSERT [dbo].[SpeakerGroup] ([Uid], [AreaUid], [MultiCastGroup], [Color], [TimeCreated], [UserCreated], [TimeModified], [UserModified], [LabelLatitude], [LabelLongitude], [Name]) VALUES (N'4c8f321e-c392-4837-8206-233772a76ddd', N'7c16bbe4-6682-457d-b2dd-9d816aa0604f', N'220.35.120.5                                      ', -13726889, CAST(N'2010-06-22 00:00:00.000' AS DateTime), NULL, CAST(N'2015-06-16 16:06:15.860' AS DateTime), NULL, 32.750955, -117.209697, N'Coronado Bay')
GO
INSERT [dbo].[SpeakerGroup] ([Uid], [AreaUid], [MultiCastGroup], [Color], [TimeCreated], [UserCreated], [TimeModified], [UserModified], [LabelLatitude], [LabelLongitude], [Name]) VALUES (N'24413cd8-1ed1-43d3-bf19-31a176b51dd7', N'9e8ca0f7-6370-49b0-8258-3775757201f5', N'220.35.10.2                                       ', -13726889, CAST(N'2011-09-21 00:00:00.000' AS DateTime), NULL, CAST(N'2015-06-16 15:36:24.590' AS DateTime), NULL, 32.961066, -117.2828884, N'Del Mar Fairgrounds')
GO
INSERT [dbo].[SpeakerGroup] ([Uid], [AreaUid], [MultiCastGroup], [Color], [TimeCreated], [UserCreated], [TimeModified], [UserModified], [LabelLatitude], [LabelLongitude], [Name]) VALUES (N'534c6bbe-68e9-4fac-83d2-4a27ec352a13', N'36093ad6-2c6a-4852-ae3c-4a5981b87cac', N'220.35.110.21                                     ', -13726889, CAST(N'2011-08-07 00:00:00.000' AS DateTime), NULL, CAST(N'2015-06-16 15:51:05.073' AS DateTime), NULL, 32.883818, -117.147186, N'Miramar Golf Course')
GO
INSERT [dbo].[SpeakerGroup] ([Uid], [AreaUid], [MultiCastGroup], [Color], [TimeCreated], [UserCreated], [TimeModified], [UserModified], [LabelLatitude], [LabelLongitude], [Name]) VALUES (N'41b5be10-e956-4e63-b73b-7dfa13661a94', N'61cc9a6b-24c0-48d6-8af9-03b9197b7471', N'220.35.120.11                                     ', -9728477, CAST(N'2010-03-21 00:00:00.000' AS DateTime), NULL, CAST(N'2015-06-16 14:50:52.980' AS DateTime), NULL, 32.732631, -117.235258, N'Point Loma')
GO
INSERT [dbo].[SpeakerGroup] ([Uid], [AreaUid], [MultiCastGroup], [Color], [TimeCreated], [UserCreated], [TimeModified], [UserModified], [LabelLatitude], [LabelLongitude], [Name]) VALUES (N'01da2294-2632-4c43-a06f-7ec3518a91e2', N'9e8ca0f7-6370-49b0-8258-3775757201f5', N'                                                  ', 10578074, CAST(N'2015-09-22 14:29:28.473' AS DateTime), N'd347f6ce-0918-4793-b2a9-aae1df01dfb3', CAST(N'2015-09-22 14:29:28.473' AS DateTime), N'd347f6ce-0918-4793-b2a9-aae1df01dfb3', NULL, NULL, N'test new group')
GO
INSERT [dbo].[SpeakerGroup] ([Uid], [AreaUid], [MultiCastGroup], [Color], [TimeCreated], [UserCreated], [TimeModified], [UserModified], [LabelLatitude], [LabelLongitude], [Name]) VALUES (N'0c62fc10-5e39-49d1-844a-91d977e0067f', N'36093ad6-2c6a-4852-ae3c-4a5981b87cac', N'220.35.110.20                                     ', -13726889, CAST(N'2011-04-21 00:00:00.000' AS DateTime), NULL, CAST(N'2015-06-16 15:51:05.073' AS DateTime), NULL, 32.871708, -117.187784, N'Miramar Cemetery')
GO
INSERT [dbo].[SpeakerGroup] ([Uid], [AreaUid], [MultiCastGroup], [Color], [TimeCreated], [UserCreated], [TimeModified], [UserModified], [LabelLatitude], [LabelLongitude], [Name]) VALUES (N'ec4148fe-8beb-45ec-bf42-aa1dd9942211', N'7c16bbe4-6682-457d-b2dd-9d816aa0604f', N'220.35.120.6                                      ', -9728477, CAST(N'2010-09-11 00:00:00.000' AS DateTime), NULL, CAST(N'2015-06-16 16:06:15.860' AS DateTime), NULL, 32.742146, -117.247978, N'Imperial Beach')
GO
INSERT [dbo].[SpeakerGroup] ([Uid], [AreaUid], [MultiCastGroup], [Color], [TimeCreated], [UserCreated], [TimeModified], [UserModified], [LabelLatitude], [LabelLongitude], [Name]) VALUES (N'2b1fc771-9604-41b6-80f8-cb8ecb8e8d1a', N'36093ad6-2c6a-4852-ae3c-4a5981b87cac', N'220.35.110.22                                     ', -13726889, CAST(N'2012-07-07 00:00:00.000' AS DateTime), NULL, CAST(N'2015-06-16 15:51:05.073' AS DateTime), NULL, 32.878051, -117.168472, N'Miramar Road')
GO
INSERT [dbo].[SpeakerGroup] ([Uid], [AreaUid], [MultiCastGroup], [Color], [TimeCreated], [UserCreated], [TimeModified], [UserModified], [LabelLatitude], [LabelLongitude], [Name]) VALUES (N'ca70c562-aa28-44fc-a78b-cce461787d67', N'61cc9a6b-24c0-48d6-8af9-03b9197b7471', N'220.35.120.13                                     ', -16777011, CAST(N'2010-04-15 00:00:00.000' AS DateTime), NULL, CAST(N'2015-06-16 14:56:43.457' AS DateTime), NULL, 32.669935, -117.158762, N'Amphibious Base')
GO
INSERT [dbo].[SpeakerGroup] ([Uid], [AreaUid], [MultiCastGroup], [Color], [TimeCreated], [UserCreated], [TimeModified], [UserModified], [LabelLatitude], [LabelLongitude], [Name]) VALUES (N'22786653-fd1f-43c6-831e-e0e257dc6f74', N'61cc9a6b-24c0-48d6-8af9-03b9197b7471', N'220.35.120.12                                     ', -9728477, CAST(N'2010-02-02 00:00:00.000' AS DateTime), NULL, CAST(N'2015-06-16 14:54:20.490' AS DateTime), NULL, 32.693873, -117.199439, N'North Island')
GO
INSERT [dbo].[SpeakerGroup] ([Uid], [AreaUid], [MultiCastGroup], [Color], [TimeCreated], [UserCreated], [TimeModified], [UserModified], [LabelLatitude], [LabelLongitude], [Name]) VALUES (N'517cf386-19ca-4513-9725-e5808205fd43', N'9e8ca0f7-6370-49b0-8258-3775757201f5', N'220.35.10.1                                       ', -9728477, CAST(N'2012-08-06 00:00:00.000' AS DateTime), NULL, CAST(N'2015-06-16 15:36:24.590' AS DateTime), NULL, 32.9510553, -117.2667093, N'Torry Pines Extension')
GO
INSERT [dbo].[UserInfoes] ([Uid], [FirstName], [LastName], [AcessLevel], [Status], [TimeCreated], [UserCreated], [TimeModified], [UserModified]) VALUES (N'6c3d0fc0-33b1-4af8-8256-0b99b38a36d0', N'Test4', N'Test4', 0, 0, CAST(N'2015-07-23 12:35:37.507' AS DateTime), N'2015-07-23 12:35:37.5054866', CAST(N'2015-07-23 12:36:30.490' AS DateTime), N'7/23/2015 12:36:30 PM')
GO
INSERT [dbo].[UserInfoes] ([Uid], [FirstName], [LastName], [AcessLevel], [Status], [TimeCreated], [UserCreated], [TimeModified], [UserModified]) VALUES (N'657368a9-55d9-4a66-8624-0f19ca7d80c9', N'Naiyin', N'Tan', 0, 0, CAST(N'2015-06-18 00:00:00.000' AS DateTime), N'Jun 18 2015 12:00AM', CAST(N'2015-09-24 14:13:16.820' AS DateTime), N'9/24/2015 2:13:16 PM')
GO
INSERT [dbo].[UserInfoes] ([Uid], [FirstName], [LastName], [AcessLevel], [Status], [TimeCreated], [UserCreated], [TimeModified], [UserModified]) VALUES (N'e917d68d-5eed-41a5-a8f5-1e254301edf1', N'Micheal', N'Chen', 0, 0, CAST(N'2015-06-18 00:00:00.000' AS DateTime), N'Jun 18 2015 12:00AM', CAST(N'2015-06-18 00:00:00.000' AS DateTime), N'Jun 18 2015 12:00AM')
GO
INSERT [dbo].[UserInfoes] ([Uid], [FirstName], [LastName], [AcessLevel], [Status], [TimeCreated], [UserCreated], [TimeModified], [UserModified]) VALUES (N'31f75276-9174-4126-a9e2-2d76b7c3746a', N'Test9', N'Test9', 1, 0, CAST(N'2015-07-23 12:26:07.907' AS DateTime), N'2015-07-23 12:26:07.9064866', CAST(N'2015-07-23 14:29:56.677' AS DateTime), N'7/23/2015 2:29:56 PM')
GO
INSERT [dbo].[UserInfoes] ([Uid], [FirstName], [LastName], [AcessLevel], [Status], [TimeCreated], [UserCreated], [TimeModified], [UserModified]) VALUES (N'31aa8ade-90b2-49ea-b569-66f12778d358', N'Test3', N'Test3', 0, 1, CAST(N'2015-07-16 10:51:25.810' AS DateTime), N'2015-07-16 10:51:25.7794503', CAST(N'2015-07-21 16:16:51.387' AS DateTime), N'7/21/2015 4:16:51 PM')
GO
INSERT [dbo].[UserInfoes] ([Uid], [FirstName], [LastName], [AcessLevel], [Status], [TimeCreated], [UserCreated], [TimeModified], [UserModified]) VALUES (N'72d0bdcd-1adc-4b45-90e9-69a1758fe1e1', N'Test8', N'Test8', 2, 0, CAST(N'2015-07-23 07:15:24.450' AS DateTime), N'2015-07-23 07:15:24.4497570', CAST(N'2015-07-23 14:29:26.737' AS DateTime), N'7/23/2015 2:29:26 PM')
GO
INSERT [dbo].[UserInfoes] ([Uid], [FirstName], [LastName], [AcessLevel], [Status], [TimeCreated], [UserCreated], [TimeModified], [UserModified]) VALUES (N'3cea50ee-d1f8-4673-b0f8-6a75050227dd', N'Test7', N'Test7', 1, 0, CAST(N'2015-07-22 12:20:15.497' AS DateTime), N'2015-07-22 12:20:15.4978223', CAST(N'2015-07-22 12:20:15.497' AS DateTime), N'2015-07-22 12:20:15.4978223')
GO
INSERT [dbo].[UserInfoes] ([Uid], [FirstName], [LastName], [AcessLevel], [Status], [TimeCreated], [UserCreated], [TimeModified], [UserModified]) VALUES (N'3a2eae07-dea3-4aea-85e0-9039a39b7f31', N'test6', N'test6', 1, 0, CAST(N'2015-07-21 12:56:28.080' AS DateTime), N'2015-07-21 12:56:28.0807549', CAST(N'2015-07-21 15:56:21.927' AS DateTime), N'7/21/2015 3:56:21 PM')
GO
INSERT [dbo].[UserInfoes] ([Uid], [FirstName], [LastName], [AcessLevel], [Status], [TimeCreated], [UserCreated], [TimeModified], [UserModified]) VALUES (N'0abd44c5-3f89-4439-ac0e-b1751fe1aab5', N'Test1', N'test1', 2, 1, CAST(N'2015-07-17 10:01:39.460' AS DateTime), N'2015-07-17 10:01:39.4603560', CAST(N'2015-07-17 10:01:39.460' AS DateTime), N'2015-07-17 10:01:39.4603560')
GO
INSERT [dbo].[UserInfoes] ([Uid], [FirstName], [LastName], [AcessLevel], [Status], [TimeCreated], [UserCreated], [TimeModified], [UserModified]) VALUES (N'af1338c9-accb-4382-870d-bd07bfea20f7', N'test5', N'test5', 1, 0, CAST(N'2015-07-16 11:17:23.953' AS DateTime), N'2015-07-16 11:17:23.9524503', CAST(N'2015-07-21 12:22:09.137' AS DateTime), N'7/21/2015 12:22:09 PM')
GO
INSERT [dbo].[UserInfoes] ([Uid], [FirstName], [LastName], [AcessLevel], [Status], [TimeCreated], [UserCreated], [TimeModified], [UserModified]) VALUES (N'ef6542cc-27fb-4e51-b247-c920352bf529', N'Test10', N'Test10', 1, 1, CAST(N'2015-07-29 07:19:39.997' AS DateTime), N'2015-07-29 07:19:39.9981266', CAST(N'2015-07-29 07:19:39.997' AS DateTime), N'2015-07-29 07:19:39.9981266')
GO
INSERT [dbo].[UserInfoes] ([Uid], [FirstName], [LastName], [AcessLevel], [Status], [TimeCreated], [UserCreated], [TimeModified], [UserModified]) VALUES (N'5cc32d6c-32ea-4335-af48-cb11fac36eec', N'Ismail', N'Khassib', 0, 0, CAST(N'2015-10-13 14:44:30.673' AS DateTime), N'2015-10-13 14:44:30.6734362', CAST(N'2015-10-13 14:44:53.383' AS DateTime), N'10/13/2015 2:44:53 PM')
GO
INSERT [dbo].[UserInfoes] ([Uid], [FirstName], [LastName], [AcessLevel], [Status], [TimeCreated], [UserCreated], [TimeModified], [UserModified]) VALUES (N'6d9d341d-ab26-42f5-a6e6-d6c1a0c9bddb', N'Odyssey', N'Support', 0, 0, CAST(N'2015-06-30 00:00:00.000' AS DateTime), NULL, CAST(N'2015-06-30 00:00:00.000' AS DateTime), NULL)
GO
INSERT [dbo].[UserSpeakerGroup] ([Uid], [UserUid], [AreaUid], [SpeakerGroupUid]) VALUES (N'efc4be11-cede-4deb-aa94-05582f99d3ef', N'201e5283-0e22-44dc-bc92-6c9ae59af155', N'61cc9a6b-24c0-48d6-8af9-03b9197b7471', N'4bcfb342-3b79-4b02-a935-0bcb56ca47a9')
GO
INSERT [dbo].[UserSpeakerGroup] ([Uid], [UserUid], [AreaUid], [SpeakerGroupUid]) VALUES (N'ade1357b-3a29-481e-ae26-0d8342c70f91', N'a137889d-edc1-44d4-bdb2-00f43b38e349', N'36093ad6-2c6a-4852-ae3c-4a5981b87cac', N'2b1fc771-9604-41b6-80f8-cb8ecb8e8d1a')
GO
INSERT [dbo].[UserSpeakerGroup] ([Uid], [UserUid], [AreaUid], [SpeakerGroupUid]) VALUES (N'd42ebaf2-7114-435c-87b9-15bca35604f9', N'7b00e9a7-0135-4fe9-87a3-143b4e8c678d', N'61cc9a6b-24c0-48d6-8af9-03b9197b7471', N'41b5be10-e956-4e63-b73b-7dfa13661a94')
GO
INSERT [dbo].[UserSpeakerGroup] ([Uid], [UserUid], [AreaUid], [SpeakerGroupUid]) VALUES (N'd0294fd0-31e3-4271-83f8-2019a4eaa12e', N'd347f6ce-0918-4793-b2a9-aae1df01dfb3', N'e194d65f-be5e-430a-b581-c77fe516f709', N'a92b033a-036f-42cd-81c2-0eb293c9f9ca')
GO
INSERT [dbo].[UserSpeakerGroup] ([Uid], [UserUid], [AreaUid], [SpeakerGroupUid]) VALUES (N'7212a81e-f182-4e26-a44b-222f390449d4', N'50effb8e-544c-4df5-bf11-18d69cd19607', N'9e8ca0f7-6370-49b0-8258-3775757201f5', N'517cf386-19ca-4513-9725-e5808205fd43')
GO
INSERT [dbo].[UserSpeakerGroup] ([Uid], [UserUid], [AreaUid], [SpeakerGroupUid]) VALUES (N'31b4ac43-2fef-4bf6-8a9f-26e92fa1f225', N'b4758e15-a355-4cc0-801a-1f8afb2de3bc', N'e194d65f-be5e-430a-b581-c77fe516f709', N'a92b033a-036f-42cd-81c2-0eb293c9f9ca')
GO
INSERT [dbo].[UserSpeakerGroup] ([Uid], [UserUid], [AreaUid], [SpeakerGroupUid]) VALUES (N'4837dd6d-2c0e-4f06-b770-29aa7701e1b9', N'7b00e9a7-0135-4fe9-87a3-143b4e8c678d', N'36093ad6-2c6a-4852-ae3c-4a5981b87cac', N'534c6bbe-68e9-4fac-83d2-4a27ec352a13')
GO
INSERT [dbo].[UserSpeakerGroup] ([Uid], [UserUid], [AreaUid], [SpeakerGroupUid]) VALUES (N'c7f42915-a08b-4447-8a5b-29ec123346da', N'7b00e9a7-0135-4fe9-87a3-143b4e8c678d', N'61cc9a6b-24c0-48d6-8af9-03b9197b7471', N'ca70c562-aa28-44fc-a78b-cce461787d67')
GO
INSERT [dbo].[UserSpeakerGroup] ([Uid], [UserUid], [AreaUid], [SpeakerGroupUid]) VALUES (N'5699f61c-3860-4fbb-a4ff-2da71d6d40fb', N'15793ad5-5571-4c12-a30b-5500ba2d1a1c', N'9e8ca0f7-6370-49b0-8258-3775757201f5', N'24413cd8-1ed1-43d3-bf19-31a176b51dd7')
GO
INSERT [dbo].[UserSpeakerGroup] ([Uid], [UserUid], [AreaUid], [SpeakerGroupUid]) VALUES (N'c1e3ba81-a897-431c-b874-35c26cf257c6', N'a137889d-edc1-44d4-bdb2-00f43b38e349', N'7c16bbe4-6682-457d-b2dd-9d816aa0604f', N'ec4148fe-8beb-45ec-bf42-aa1dd9942211')
GO
INSERT [dbo].[UserSpeakerGroup] ([Uid], [UserUid], [AreaUid], [SpeakerGroupUid]) VALUES (N'2968e043-7752-4d17-b43f-418d38721c2b', N'73d5b625-bf72-4c28-a61c-05e4e2b2e006', N'e194d65f-be5e-430a-b581-c77fe516f709', N'a92b033a-036f-42cd-81c2-0eb293c9f9ca')
GO
INSERT [dbo].[UserSpeakerGroup] ([Uid], [UserUid], [AreaUid], [SpeakerGroupUid]) VALUES (N'0c0a3798-c1c1-47f6-a6c7-42a3f1174832', N'd3426b4c-06c1-4024-bb54-ab195ff8b94d', N'e194d65f-be5e-430a-b581-c77fe516f709', N'a92b033a-036f-42cd-81c2-0eb293c9f9ca')
GO
INSERT [dbo].[UserSpeakerGroup] ([Uid], [UserUid], [AreaUid], [SpeakerGroupUid]) VALUES (N'a3d7d6db-8189-4df0-8f5f-4486bb4471bb', N'a137889d-edc1-44d4-bdb2-00f43b38e349', N'36093ad6-2c6a-4852-ae3c-4a5981b87cac', N'534c6bbe-68e9-4fac-83d2-4a27ec352a13')
GO
INSERT [dbo].[UserSpeakerGroup] ([Uid], [UserUid], [AreaUid], [SpeakerGroupUid]) VALUES (N'093aa981-8fe6-47d4-b3d0-469137361e4e', N'a137889d-edc1-44d4-bdb2-00f43b38e349', N'9e8ca0f7-6370-49b0-8258-3775757201f5', N'517cf386-19ca-4513-9725-e5808205fd43')
GO
INSERT [dbo].[UserSpeakerGroup] ([Uid], [UserUid], [AreaUid], [SpeakerGroupUid]) VALUES (N'2637db60-4092-45ed-ad5b-501a2133443d', N'7d95af8f-a938-481c-9961-18fb78ec58ec', N'9e8ca0f7-6370-49b0-8258-3775757201f5', N'517cf386-19ca-4513-9725-e5808205fd43')
GO
INSERT [dbo].[UserSpeakerGroup] ([Uid], [UserUid], [AreaUid], [SpeakerGroupUid]) VALUES (N'eee5c942-7330-4b9d-a456-568eadb0c517', N'cbeccfca-4df7-47db-8b61-397978ca6f0d', N'e194d65f-be5e-430a-b581-c77fe516f709', N'a92b033a-036f-42cd-81c2-0eb293c9f9ca')
GO
INSERT [dbo].[UserSpeakerGroup] ([Uid], [UserUid], [AreaUid], [SpeakerGroupUid]) VALUES (N'4cc4cfbb-25f1-4d7e-9505-56fa5105caba', N'7b00e9a7-0135-4fe9-87a3-143b4e8c678d', N'e194d65f-be5e-430a-b581-c77fe516f709', N'a92b033a-036f-42cd-81c2-0eb293c9f9ca')
GO
INSERT [dbo].[UserSpeakerGroup] ([Uid], [UserUid], [AreaUid], [SpeakerGroupUid]) VALUES (N'b61e05f8-6901-4a4e-8889-5f567e348bc3', N'201e5283-0e22-44dc-bc92-6c9ae59af155', N'61cc9a6b-24c0-48d6-8af9-03b9197b7471', N'22786653-fd1f-43c6-831e-e0e257dc6f74')
GO
INSERT [dbo].[UserSpeakerGroup] ([Uid], [UserUid], [AreaUid], [SpeakerGroupUid]) VALUES (N'4759177a-1d05-4922-bdd8-61ddfcabbf46', N'7b00e9a7-0135-4fe9-87a3-143b4e8c678d', N'61cc9a6b-24c0-48d6-8af9-03b9197b7471', N'4bcfb342-3b79-4b02-a935-0bcb56ca47a9')
GO
INSERT [dbo].[UserSpeakerGroup] ([Uid], [UserUid], [AreaUid], [SpeakerGroupUid]) VALUES (N'd7f4cd7e-2796-4baa-845a-6da7c94f417d', N'15793ad5-5571-4c12-a30b-5500ba2d1a1c', N'36093ad6-2c6a-4852-ae3c-4a5981b87cac', N'534c6bbe-68e9-4fac-83d2-4a27ec352a13')
GO
INSERT [dbo].[UserSpeakerGroup] ([Uid], [UserUid], [AreaUid], [SpeakerGroupUid]) VALUES (N'0bf20e43-b04d-4bd0-a31c-762a0dcef528', N'b906c911-cca5-422d-a4af-7841ea2a4b0b', N'7c16bbe4-6682-457d-b2dd-9d816aa0604f', N'4c8f321e-c392-4837-8206-233772a76ddd')
GO
INSERT [dbo].[UserSpeakerGroup] ([Uid], [UserUid], [AreaUid], [SpeakerGroupUid]) VALUES (N'cc8c8dd1-e852-4c8b-b6a0-779f75dabf6c', N'201e5283-0e22-44dc-bc92-6c9ae59af155', N'61cc9a6b-24c0-48d6-8af9-03b9197b7471', N'41b5be10-e956-4e63-b73b-7dfa13661a94')
GO
INSERT [dbo].[UserSpeakerGroup] ([Uid], [UserUid], [AreaUid], [SpeakerGroupUid]) VALUES (N'9d88c7f1-3a0e-4e3b-9234-7a24cb5a3940', N'd347f6ce-0918-4793-b2a9-aae1df01dfb3', N'9e8ca0f7-6370-49b0-8258-3775757201f5', N'517cf386-19ca-4513-9725-e5808205fd43')
GO
INSERT [dbo].[UserSpeakerGroup] ([Uid], [UserUid], [AreaUid], [SpeakerGroupUid]) VALUES (N'282157f2-1fbc-4328-a657-805510916546', N'd3426b4c-06c1-4024-bb54-ab195ff8b94d', N'9e8ca0f7-6370-49b0-8258-3775757201f5', N'24413cd8-1ed1-43d3-bf19-31a176b51dd7')
GO
INSERT [dbo].[UserSpeakerGroup] ([Uid], [UserUid], [AreaUid], [SpeakerGroupUid]) VALUES (N'fd8e1ab7-6126-46e7-b2cd-81055a767489', N'b906c911-cca5-422d-a4af-7841ea2a4b0b', N'36093ad6-2c6a-4852-ae3c-4a5981b87cac', N'534c6bbe-68e9-4fac-83d2-4a27ec352a13')
GO
INSERT [dbo].[UserSpeakerGroup] ([Uid], [UserUid], [AreaUid], [SpeakerGroupUid]) VALUES (N'51d8384b-5bee-4c4a-b0f7-87897f774efc', N'7d95af8f-a938-481c-9961-18fb78ec58ec', N'9e8ca0f7-6370-49b0-8258-3775757201f5', N'24413cd8-1ed1-43d3-bf19-31a176b51dd7')
GO
INSERT [dbo].[UserSpeakerGroup] ([Uid], [UserUid], [AreaUid], [SpeakerGroupUid]) VALUES (N'3e13a2c1-efce-4838-887c-9c55b474f3e1', N'a137889d-edc1-44d4-bdb2-00f43b38e349', N'61cc9a6b-24c0-48d6-8af9-03b9197b7471', N'22786653-fd1f-43c6-831e-e0e257dc6f74')
GO
INSERT [dbo].[UserSpeakerGroup] ([Uid], [UserUid], [AreaUid], [SpeakerGroupUid]) VALUES (N'89f12fac-a1b4-4024-8ebc-a434a3041832', N'7b00e9a7-0135-4fe9-87a3-143b4e8c678d', N'7c16bbe4-6682-457d-b2dd-9d816aa0604f', N'4c8f321e-c392-4837-8206-233772a76ddd')
GO
INSERT [dbo].[UserSpeakerGroup] ([Uid], [UserUid], [AreaUid], [SpeakerGroupUid]) VALUES (N'9e30a0a3-d80b-4ca8-a0ad-a99f1b9b5460', N'56e90757-bebb-4c99-ad35-568ffe863115', N'e194d65f-be5e-430a-b581-c77fe516f709', N'a92b033a-036f-42cd-81c2-0eb293c9f9ca')
GO
INSERT [dbo].[UserSpeakerGroup] ([Uid], [UserUid], [AreaUid], [SpeakerGroupUid]) VALUES (N'd8d3e67b-e8bc-4a15-bfbd-a9b71deea0d7', N'73d5b625-bf72-4c28-a61c-05e4e2b2e006', N'36093ad6-2c6a-4852-ae3c-4a5981b87cac', N'534c6bbe-68e9-4fac-83d2-4a27ec352a13')
GO
INSERT [dbo].[UserSpeakerGroup] ([Uid], [UserUid], [AreaUid], [SpeakerGroupUid]) VALUES (N'8e549772-72c4-4e73-a3d7-ad7cc06bb6c2', N'7b00e9a7-0135-4fe9-87a3-143b4e8c678d', N'36093ad6-2c6a-4852-ae3c-4a5981b87cac', N'2b1fc771-9604-41b6-80f8-cb8ecb8e8d1a')
GO
INSERT [dbo].[UserSpeakerGroup] ([Uid], [UserUid], [AreaUid], [SpeakerGroupUid]) VALUES (N'fe841978-e298-477c-92be-ae8efa437b41', N'7b00e9a7-0135-4fe9-87a3-143b4e8c678d', N'7c16bbe4-6682-457d-b2dd-9d816aa0604f', N'ec4148fe-8beb-45ec-bf42-aa1dd9942211')
GO
INSERT [dbo].[UserSpeakerGroup] ([Uid], [UserUid], [AreaUid], [SpeakerGroupUid]) VALUES (N'98f198a6-b839-4a32-a5fb-b362ac8d2c71', N'7b00e9a7-0135-4fe9-87a3-143b4e8c678d', N'9e8ca0f7-6370-49b0-8258-3775757201f5', N'24413cd8-1ed1-43d3-bf19-31a176b51dd7')
GO
INSERT [dbo].[UserSpeakerGroup] ([Uid], [UserUid], [AreaUid], [SpeakerGroupUid]) VALUES (N'fa173fb7-550f-4dd4-bf74-b44fe17894fb', N'd3426b4c-06c1-4024-bb54-ab195ff8b94d', N'61cc9a6b-24c0-48d6-8af9-03b9197b7471', N'ca70c562-aa28-44fc-a78b-cce461787d67')
GO
INSERT [dbo].[UserSpeakerGroup] ([Uid], [UserUid], [AreaUid], [SpeakerGroupUid]) VALUES (N'1ca46b08-e425-4fa9-a5e7-b4afce793528', N'7b00e9a7-0135-4fe9-87a3-143b4e8c678d', N'36093ad6-2c6a-4852-ae3c-4a5981b87cac', N'dcb37079-05f7-4439-a59f-19d7fd78d03a')
GO
INSERT [dbo].[UserSpeakerGroup] ([Uid], [UserUid], [AreaUid], [SpeakerGroupUid]) VALUES (N'7e5f2bab-346e-407c-89d0-b74d9ef6638a', N'7b00e9a7-0135-4fe9-87a3-143b4e8c678d', N'36093ad6-2c6a-4852-ae3c-4a5981b87cac', N'0c62fc10-5e39-49d1-844a-91d977e0067f')
GO
INSERT [dbo].[UserSpeakerGroup] ([Uid], [UserUid], [AreaUid], [SpeakerGroupUid]) VALUES (N'bc93aa5e-b0e4-430b-9895-bab8df865902', N'd3426b4c-06c1-4024-bb54-ab195ff8b94d', N'61cc9a6b-24c0-48d6-8af9-03b9197b7471', N'41b5be10-e956-4e63-b73b-7dfa13661a94')
GO
INSERT [dbo].[UserSpeakerGroup] ([Uid], [UserUid], [AreaUid], [SpeakerGroupUid]) VALUES (N'457b457c-a90b-45f8-8c2d-c563b1968155', N'7b00e9a7-0135-4fe9-87a3-143b4e8c678d', N'9e8ca0f7-6370-49b0-8258-3775757201f5', N'01da2294-2632-4c43-a06f-7ec3518a91e2')
GO
INSERT [dbo].[UserSpeakerGroup] ([Uid], [UserUid], [AreaUid], [SpeakerGroupUid]) VALUES (N'0810399e-06a6-4401-b0a5-cb46ac2b683d', N'7b00e9a7-0135-4fe9-87a3-143b4e8c678d', N'9e8ca0f7-6370-49b0-8258-3775757201f5', N'517cf386-19ca-4513-9725-e5808205fd43')
GO
INSERT [dbo].[UserSpeakerGroup] ([Uid], [UserUid], [AreaUid], [SpeakerGroupUid]) VALUES (N'1d807719-f610-4cb8-9c96-d150b27aad5f', N'd347f6ce-0918-4793-b2a9-aae1df01dfb3', N'36093ad6-2c6a-4852-ae3c-4a5981b87cac', N'534c6bbe-68e9-4fac-83d2-4a27ec352a13')
GO
INSERT [dbo].[UserSpeakerGroup] ([Uid], [UserUid], [AreaUid], [SpeakerGroupUid]) VALUES (N'0b4ce735-4c3e-4c2c-8c69-d2f264163ebd', N'b906c911-cca5-422d-a4af-7841ea2a4b0b', N'36093ad6-2c6a-4852-ae3c-4a5981b87cac', N'0c62fc10-5e39-49d1-844a-91d977e0067f')
GO
INSERT [dbo].[UserSpeakerGroup] ([Uid], [UserUid], [AreaUid], [SpeakerGroupUid]) VALUES (N'6e6cc74a-b442-4fd5-9d44-d637e08ec8cf', N'd3426b4c-06c1-4024-bb54-ab195ff8b94d', N'61cc9a6b-24c0-48d6-8af9-03b9197b7471', N'22786653-fd1f-43c6-831e-e0e257dc6f74')
GO
INSERT [dbo].[UserSpeakerGroup] ([Uid], [UserUid], [AreaUid], [SpeakerGroupUid]) VALUES (N'70ee430a-b0b2-4d80-a3e5-d9f64252f607', N'201e5283-0e22-44dc-bc92-6c9ae59af155', N'61cc9a6b-24c0-48d6-8af9-03b9197b7471', N'ca70c562-aa28-44fc-a78b-cce461787d67')
GO
INSERT [dbo].[UserSpeakerGroup] ([Uid], [UserUid], [AreaUid], [SpeakerGroupUid]) VALUES (N'd3deb6a5-2724-46a7-965a-db09144b6be9', N'd347f6ce-0918-4793-b2a9-aae1df01dfb3', N'9e8ca0f7-6370-49b0-8258-3775757201f5', N'24413cd8-1ed1-43d3-bf19-31a176b51dd7')
GO
INSERT [dbo].[UserSpeakerGroup] ([Uid], [UserUid], [AreaUid], [SpeakerGroupUid]) VALUES (N'995ff503-7707-4f42-bf6b-dc9b72d3a448', N'd3426b4c-06c1-4024-bb54-ab195ff8b94d', N'61cc9a6b-24c0-48d6-8af9-03b9197b7471', N'4bcfb342-3b79-4b02-a935-0bcb56ca47a9')
GO
INSERT [dbo].[UserSpeakerGroup] ([Uid], [UserUid], [AreaUid], [SpeakerGroupUid]) VALUES (N'ef35bad0-0048-4c8d-ba33-e50ad43b9655', N'd347f6ce-0918-4793-b2a9-aae1df01dfb3', N'36093ad6-2c6a-4852-ae3c-4a5981b87cac', N'0c62fc10-5e39-49d1-844a-91d977e0067f')
GO
INSERT [dbo].[UserSpeakerGroup] ([Uid], [UserUid], [AreaUid], [SpeakerGroupUid]) VALUES (N'88b89558-91d4-4dd2-97e2-e50fb36a023b', N'73d5b625-bf72-4c28-a61c-05e4e2b2e006', N'9e8ca0f7-6370-49b0-8258-3775757201f5', N'517cf386-19ca-4513-9725-e5808205fd43')
GO
INSERT [dbo].[UserSpeakerGroup] ([Uid], [UserUid], [AreaUid], [SpeakerGroupUid]) VALUES (N'b2c3df67-6fb1-4ab7-89fd-f07c292590a1', N'7d95af8f-a938-481c-9961-18fb78ec58ec', N'61cc9a6b-24c0-48d6-8af9-03b9197b7471', N'ca70c562-aa28-44fc-a78b-cce461787d67')
GO
INSERT [dbo].[UserSpeakerGroup] ([Uid], [UserUid], [AreaUid], [SpeakerGroupUid]) VALUES (N'595a77fc-fb3e-4b60-a2b7-f1752a4e26c9', N'a137889d-edc1-44d4-bdb2-00f43b38e349', N'7c16bbe4-6682-457d-b2dd-9d816aa0604f', N'4c8f321e-c392-4837-8206-233772a76ddd')
GO
INSERT [dbo].[UserSpeakerGroup] ([Uid], [UserUid], [AreaUid], [SpeakerGroupUid]) VALUES (N'159c7940-2fdc-4657-a97f-f473dd1877bb', N'd347f6ce-0918-4793-b2a9-aae1df01dfb3', N'36093ad6-2c6a-4852-ae3c-4a5981b87cac', N'2b1fc771-9604-41b6-80f8-cb8ecb8e8d1a')
GO
INSERT [dbo].[UserSpeakerGroup] ([Uid], [UserUid], [AreaUid], [SpeakerGroupUid]) VALUES (N'e0264bb8-71a0-486a-a0c1-f631d9bb4ef4', N'7b00e9a7-0135-4fe9-87a3-143b4e8c678d', N'61cc9a6b-24c0-48d6-8af9-03b9197b7471', N'22786653-fd1f-43c6-831e-e0e257dc6f74')
GO
ALTER TABLE [dbo].[AreaImage]  WITH CHECK ADD  CONSTRAINT [FK_AreaImage_Area] FOREIGN KEY([AreaUid])
REFERENCES [dbo].[Area] ([Uid])
GO
ALTER TABLE [dbo].[AreaImage] CHECK CONSTRAINT [FK_AreaImage_Area]
GO
ALTER TABLE [dbo].[AspNetUserClaims]  WITH CHECK ADD  CONSTRAINT [FK_dbo.AspNetUserClaims_dbo.AspNetUsers_UserId] FOREIGN KEY([UserId])
REFERENCES [dbo].[AspNetUsers] ([Id])
ON DELETE CASCADE
GO
ALTER TABLE [dbo].[AspNetUserClaims] CHECK CONSTRAINT [FK_dbo.AspNetUserClaims_dbo.AspNetUsers_UserId]
GO
ALTER TABLE [dbo].[AspNetUserLogins]  WITH CHECK ADD  CONSTRAINT [FK_dbo.AspNetUserLogins_dbo.AspNetUsers_UserId] FOREIGN KEY([UserId])
REFERENCES [dbo].[AspNetUsers] ([Id])
ON DELETE CASCADE
GO
ALTER TABLE [dbo].[AspNetUserLogins] CHECK CONSTRAINT [FK_dbo.AspNetUserLogins_dbo.AspNetUsers_UserId]
GO
ALTER TABLE [dbo].[AspNetUserRoles]  WITH CHECK ADD  CONSTRAINT [FK_dbo.AspNetUserRoles_dbo.AspNetRoles_RoleId] FOREIGN KEY([RoleId])
REFERENCES [dbo].[AspNetRoles] ([Id])
ON DELETE CASCADE
GO
ALTER TABLE [dbo].[AspNetUserRoles] CHECK CONSTRAINT [FK_dbo.AspNetUserRoles_dbo.AspNetRoles_RoleId]
GO
ALTER TABLE [dbo].[AspNetUserRoles]  WITH CHECK ADD  CONSTRAINT [FK_dbo.AspNetUserRoles_dbo.AspNetUsers_UserId] FOREIGN KEY([UserId])
REFERENCES [dbo].[AspNetUsers] ([Id])
ON DELETE CASCADE
GO
ALTER TABLE [dbo].[AspNetUserRoles] CHECK CONSTRAINT [FK_dbo.AspNetUserRoles_dbo.AspNetUsers_UserId]
GO
ALTER TABLE [dbo].[AspNetUsers]  WITH CHECK ADD  CONSTRAINT [FK_dbo.AspNetUsers_dbo.UserInfoes_UserInfo_Uid] FOREIGN KEY([UserInfo_Uid])
REFERENCES [dbo].[UserInfoes] ([Uid])
ON DELETE CASCADE
GO
ALTER TABLE [dbo].[AspNetUsers] CHECK CONSTRAINT [FK_dbo.AspNetUsers_dbo.UserInfoes_UserInfo_Uid]
GO
ALTER TABLE [dbo].[SoundSpeakerGroup]  WITH CHECK ADD  CONSTRAINT [FK_SoundSpeakerGroup_Sound1] FOREIGN KEY([SoundUid])
REFERENCES [dbo].[Sound] ([Uid])
ON DELETE CASCADE
GO
ALTER TABLE [dbo].[SoundSpeakerGroup] CHECK CONSTRAINT [FK_SoundSpeakerGroup_Sound1]
GO
ALTER TABLE [dbo].[SoundSpeakerGroup]  WITH CHECK ADD  CONSTRAINT [FK_SoundSpeakerGroup_Speaker1] FOREIGN KEY([SpeakerUid])
REFERENCES [dbo].[Speaker] ([Uid])
ON DELETE CASCADE
GO
ALTER TABLE [dbo].[SoundSpeakerGroup] CHECK CONSTRAINT [FK_SoundSpeakerGroup_Speaker1]
GO
ALTER TABLE [dbo].[SoundSpeakerGroup]  WITH CHECK ADD  CONSTRAINT [FK_SoundSpeakerGroup_SpeakerGroup] FOREIGN KEY([SpeakerGroupUid])
REFERENCES [dbo].[SpeakerGroup] ([Uid])
GO
ALTER TABLE [dbo].[SoundSpeakerGroup] CHECK CONSTRAINT [FK_SoundSpeakerGroup_SpeakerGroup]
GO
ALTER TABLE [dbo].[Speaker]  WITH CHECK ADD  CONSTRAINT [FK_Speaker_SpeakerGroup] FOREIGN KEY([SpeakerGroupUid])
REFERENCES [dbo].[SpeakerGroup] ([Uid])
ON DELETE CASCADE
GO
ALTER TABLE [dbo].[Speaker] CHECK CONSTRAINT [FK_Speaker_SpeakerGroup]
GO
ALTER TABLE [dbo].[SpeakerGroup]  WITH CHECK ADD  CONSTRAINT [FK_SpeakerGroup_Area] FOREIGN KEY([AreaUid])
REFERENCES [dbo].[Area] ([Uid])
ON DELETE CASCADE
GO
ALTER TABLE [dbo].[SpeakerGroup] CHECK CONSTRAINT [FK_SpeakerGroup_Area]
GO
ALTER TABLE [dbo].[UserSpeakerGroup]  WITH CHECK ADD  CONSTRAINT [FK_UserSpeakerGroup_Area] FOREIGN KEY([AreaUid])
REFERENCES [dbo].[Area] ([Uid])
GO
ALTER TABLE [dbo].[UserSpeakerGroup] CHECK CONSTRAINT [FK_UserSpeakerGroup_Area]
GO
ALTER TABLE [dbo].[UserSpeakerGroup]  WITH CHECK ADD  CONSTRAINT [FK_UserSpeakerGroup_AspNetUsers] FOREIGN KEY([UserUid])
REFERENCES [dbo].[AspNetUsers] ([Id])
GO
ALTER TABLE [dbo].[UserSpeakerGroup] CHECK CONSTRAINT [FK_UserSpeakerGroup_AspNetUsers]
GO
ALTER TABLE [dbo].[UserSpeakerGroup]  WITH CHECK ADD  CONSTRAINT [FK_UserSpeakerGroup_SpeakerGroup1] FOREIGN KEY([SpeakerGroupUid])
REFERENCES [dbo].[SpeakerGroup] ([Uid])
GO
ALTER TABLE [dbo].[UserSpeakerGroup] CHECK CONSTRAINT [FK_UserSpeakerGroup_SpeakerGroup1]
GO
USE [master]
GO
ALTER DATABASE [LRADPorAXQlJ4FQZ] SET  READ_WRITE 
GO
